uniqueID,drugName,condition,review,rating,date,usefulCount
206461,Valsartan,Left Ventricular Dysfunction,"""It has no side effect, I take it in combination of Bystolic 5 Mg and Fish Oil""",9,20-May-12,27
95260,Guanfacine,ADHD,"""My son is halfway through his fourth week of Intuniv. We became concerned when he began this last week, when he started taking the highest dose he will be on. For two days, he could hardly get out of bed, was very cranky, and slept for nearly 8 hours on a drive home from school vacation (very unusual for him.) I called his doctor on Monday morning and she said to stick it out a few days. See how he did at school, and with getting up in the morning. The last two days have been problem free. He is MUCH more agreeable than ever. He is less emotional (a good thing), less cranky. He is remembering all the things he should. Overall his behavior is better. 
We have tried many different medications and so far this is the most effective.""",8,27-Apr-10,192
92703,Lybrel,Birth Control,"""I used to take another oral contraceptive, which had 21 pill cycle, and was very happy- very light periods, max 5 days, no other side effects. But it contained hormone gestodene, which is not available in US, so I switched to Lybrel, because the ingredients are similar. When my other pills ended, I started Lybrel immediately, on my first day of period, as the instructions said. And the period lasted for two weeks. When taking the second pack- same two weeks. And now, with third pack things got even worse- my third period lasted for two weeks and now it&#039;s the end of the third week- I still have daily brown discharge.
The positive side is that I didn&#039;t have any other side effects. The idea of being period free was so tempting... Alas.""",5,14-Dec-09,17
138000,Ortho Evra,Birth Control,"""This is my first time using any form of birth control. I&#039;m glad I went with the patch, I have been on it for 8 months. At first It decreased my libido but that subsided. The only downside is that it made my periods longer (5-6 days to be exact) I used to only have periods for 3-4 days max also made my cramps intense for the first two days of my period, I never had cramps before using birth control. Other than that in happy with the patch""",8,3-Nov-15,10
35696,Buprenorphine / naloxone,Opiate Dependence,"""Suboxone has completely turned my life around.  I feel healthier, I&#039;m excelling at my job and I always have money in my pocket and my savings account.  I had none of those before Suboxone and spent years abusing oxycontin.  My paycheck was already spent by the time I got it and I started resorting to scheming and stealing to fund my addiction.  All that is history.  If you&#039;re ready to stop, there&#039;s a good chance that suboxone will put you on the path of great life again.  I have found the side-effects to be minimal compared to oxycontin.  I&#039;m actually sleeping better.   Slight constipation is about it for me.  It truly is amazing. The cost pales in comparison to what I spent on oxycontin.""",9,27-Nov-16,37
155963,Cialis,Benign Prostatic Hyperplasia,"""2nd day on 5mg started to work with rock hard erections however experianced headache, lower bowel preassure. 3rd day erections would wake me up &amp; hurt! Leg/ankles aches   severe lower bowel preassure like you need to go #2 but can&#039;t! Enjoyed the initial rockhard erections but not at these side effects or $230 for months supply! I&#039;m 50 &amp; work out 3Xs a week. Not worth side effects!""",2,28-Nov-15,43
165907,Levonorgestrel,Emergency Contraception,"""He pulled out, but he cummed a bit in me. I took the Plan B 26 hours later, and took a pregnancy test two weeks later - - I&#039;m pregnant.""",1,7-Mar-17,5
102654,Aripiprazole,Bipolar Disorde,"""Abilify changed my life. There is hope. I was on Zoloft and Clonidine when I first started Abilify at the age of 15.. Zoloft for depression and Clondine to manage my complete rage. My moods were out of control. I was depressed and hopeless one second and then mean, irrational, and full of rage the next. My Dr. prescribed me 2mg of Abilify and from that point on I feel like I have been cured though I know I&#039;m not.. Bi-polar disorder is a constant battle. I know Abilify works for me because I have tried to get off it and lost complete control over my emotions. Went back on it and I was golden again.  I am on 5mg 2x daily. I am now 21 and better than I have ever been in the past. Only side effect is I like to eat a lot.""",10,14-Mar-15,32
74811,Keppra,Epilepsy,""" I Ve had  nothing but problems with the Keppera : constant shaking in my arms &amp; legs &amp; pins &amp; needles feeling in my arms &amp; legs severe light headedness no appetite &amp; etc.""",1,9-Aug-16,11
48928,Ethinyl estradiol / levonorgestrel,Birth Control,"""I had been on the pill for many years. When my doctor changed my RX to chateal, it was as effective. It really did help me by completely clearing my acne, this takes about 6 months though. I did not gain extra weight, or develop any emotional health issues. I stopped taking it bc I started using a more natural method of birth control, but started to take it bc I hate that my acne came back at age 28. I really hope symptoms like depression, or weight gain do not begin to affect me as I am older now. I&#039;m also naturally moody, so this may worsen things. I was in a negative mental rut today. Also I hope this doesn&#039;t push me over the edge, as I believe I am depressed. Hopefully it&#039;ll be just like when I was younger.""",8,8-Dec-16,1
29607,Topiramate,Migraine Prevention,"""I have been on this medication almost two weeks, started out on 25mg and working my way up to 100mg, currently at 50mg. No headaches at all so far and I was having 2-3 crippling migraines a week. I have lost 5.2lbs so far but note I am really paying close attention to what I am eating, I have a lot of weight to lose and if weight loss is a side effect I want to help it along as much as I can.  Now, other side effects, they are there the word recall issues exist, the memory issues, the worst of it seems to be the vision disturbances, there have been times I have just not driven because I&#039;m sure it would not have been safe. The good news is it seems to be wearing off...I have tons of energy and I am in a great mood.""",9,1-Jan-15,19
75612,L-methylfolate,Depression,"""I have taken anti-depressants for years, with some improvement but mostly moderate to severe side affects, which makes me go off them.

I only take Cymbalta now mostly for pain.

When I began Deplin, I noticed a major improvement overnight. More energy, better disposition, and no sinking to the low lows of major depression. I have been taking it for about 3 months now and feel like a normal person for the first time ever. Best thing, no side effects.""",10,9-Mar-17,54
191290,Pentasa,Crohn's Disease,"""I had Crohn&#039;s with a resection 30 years ago and have been mostly in remission since.  Have recently had a bad flare and narrowing at the anastomosis and need to be on medication, but haven&#039;t found one that I can handle.  Asacol gave me such serious body aching and fatigue that I could not function.  Pentasa immediately gave me heart palpitations and arrhythmias so I had to discontinue it.""",4,6-Jul-13,8
221320,Dextromethorphan,Cough,"""Have a little bit of a lingering cough from a cold. Not giving me much trouble except keeps me up at night. I heard this was good so I took so I could get some sleep. Helped tremendously with the cough but then I was having bad stomach cramps and diarrhea. I hadn&#039;t eaten anything that should have upset my stomach and it didn&#039;t really feel like a &quot;bug&quot; so I looked up side effects for Delsym.  Now I wish I had done that first because I probably wouldn&#039;t have taken it. So, while it worked for my cough I still didn&#039;t get any sleep due to the stomach issues.""",4,7-Sep-17,1
98494,Nexplanon,Birth Control,"""Started Nexplanon 2 months ago because I have a minimal amount of contraception&#039;s I can take due to my inability to take the hormone that is used in most birth controls. I&#039;m trying to give it time because it is one of my only options right now. But honestly if I had options I&#039;d get it removed.
I&#039;ve never had acne problems in my life, and immediately broke out after getting it implanted. Sex drive is completely gone, and I used to have sex with my boyfriend a few days a week, now its completely forced and not even fun for me anymore. I mean I&#039;m on birth control because I like having sex but don&#039;t want to get pregnant, why take a birth control that takes away sex? Very unhappy and hope that I get it back with time or I&#039;m getting it removed.""",3,7-Aug-14,10
81890,Liraglutide,Obesity,"""I have been taking Saxenda since July 2016.  I had severe nausea for about a month once I got up to the 2.6 dosage.  It has since subsided and the only side effect I notice now is the dry mouth.  I make sure to drink  2.5 litres of water a day (about 10 glasses).  This helps with the weight loss as well as the constipation.  I have been reducing my dose to find a comfortable spot where I am still losing weight but don&#039;t feel like I am over medicating.  For me, 1.8 is working very well.  I also feel wearing a Fitbit has really helped.  I can track my food, water, exercise and steps - it keeps me moving more.  When this started I could barely walk the length of myself without getting winded - I have lost 58 lbs so far.""",9,19-Jan-17,20
48188,Trimethoprim,Urinary Tract Infection,"""This drug worked very well for me and cleared up my UTI in a matter of 48hrs, although I was on a 7 day course of 2x200mg/daily. Unfortunately once the tablets finished the infection returned so needed a 2nd course. I&#039;m currently taking a low dose at evening to keep the infection at bay while the specialists do some tests.  I normally get every side effect going and dread taking new medication in any form especially after an horrific experience with Ciorofloxacin but the only side effect I experienced with this was itchy ankles and feet on day two but that didn&#039;t last into third day so I would class this as a minor side effect and insignificant. Good luck.""",9,22-Sep-17,0
219869,Amitriptyline,ibromyalgia,"""I&#039;ve been taking amitriptyline since January 2013 after being diagnosed with fibromyalgia. I tried cymbalta for a week and my Dr decided that since it kept me awake 24/7 that it wasn&#039;t a good fit for me even though it relieved my pain. I started with 25 mg. After 2 weeks I had some breakthrough pain, so my Dr increased my dosage to 50mg and I&#039;m still on that dosage today. For the first full year I was on this I never had pain and felt &#039;cured&#039;. As time went on, it seems to help control my pain. I do still have pain, but at a low manageable level. I take this around 7pm each evening to avoid feeling overly drowsy in the mornings. This med allows me to have a fairly normal life.""",9,15-Mar-17,39
212077,Lamotrigine,Bipolar Disorde,"""I&#039;ve been on every medicine under the sun (it seems) to manage the hypomania / mania of Bipolar2. Within a few days of starting Lamictal (was on Tegretol) it was as if someone had turned a light on in my head. Is this the way &quot;normal&quot; people think? was one of the first things that struck me. I sleep like a log, have no irritability, almost no anger (other than what would be considered normal). I am able to focus and my creative, impulsive thoughts have decreased enough to be manageable. It&#039;s a God send as I would perennially be in a state of hypo mania, which sounds great, but I was physically and emotionally exhausted. My libido is markedly lower but I wonder if that is perhaps an effect of not being hypo manic. I take 20 mg for anxiety.""",10,9-Nov-14,18
119705,Nilotinib,Chronic Myelogenous Leukemia,"""I have been on Tasigna for just over 3 years now (300mg x 2 times a day) Tasigna worked for me within a few weeks I have been in remission for basically the entire 3 years. As for the side effects, I feel sick to my stomach, tired,  severe leg and arm pain, I can&#039;t walk to long without needing a break, I went from working full time to not working at all because I am so tired all the time.... but hey I am in remission and alive so is all the above really a problem? Nope""",10,1-Sep-15,11
12372,Atripla,HIV Infection,"""Spring of 2008 I was hospitalized with pnuemonia and diagnosed with Lyme diease and full blown AIDS with CD4 count of &quot;11&quot; viral load some number so high in the millions I could never remember. I was taking Combivir and Kaletra with Dapsone for the 1st year then it stopped working. I started Kaletra with the Dapsone my CD4 count is now 209 and rising. For a few weeks I was very aggressive and broke all my dishes in the house LOL. I take vitamin supplements and drink a boost pluz every day. LIfe is good now!""",8,9-Jul-10,11
231466,Trazodone,Insomnia,"""I have insomnia, it&#039;s horrible. My story begins with my PCP prescribing me Prozac to help with intestinal issues, because I was desperate I tried it, I was on it for 3 weeks. Stopped because of insomnia. Then I was prescribed Ativan, it out me out, but was very addicting. I had rebound insomnia. Then after about 14 days I hardly any sleep l tried the doctor one more time. I asked him about Trazadone. He told me that was a good medication for insomnia. He put me on 25 mgs, but stated I may have to figure out what dosage is best for me. I am currently taking 100 mgs, which is on the low range of what is prescribed, 400 mgs being at the high end for insomnia. I have the dry mouth and nasel congestion. I can live with that, I sleep now, yeah...""",10,3-Apr-16,43
227020,Etonogestrel,Birth Control,"""Nexplanon does its job. I can have worry free sex. The only thing is that my periods are sometimes light and sometimes heavy. Sometimes they go away and sometimes they show up unexpected. I also feel somewhat depressed. Not sure if its Nexplanon or not. I&#039;ve had Nexplanont for about 2 months now, but despite the side effects its the most effective birth control I&#039;ve ever used and I do not plan on taking it out.""",9,11-Aug-14,11
41928,Etanercept,Rheumatoid Arthritis,"""I live in Western Australia and disturbed by some comments on here. The cost of Embrel is cost of an ordinary prescription $36 for me the government pays the remainder of the cost to the chemist. I also go to the the medical centre every Saturday morning a Dr looks over my prescription and then he advises the nurse to administer the injection also no cost to myself and this is part of nurses duties. I am unsure of the country where people who have made comments referring to cost and that nobody is there to  administer the injection for them. I am very lucky to live in Australia as we have the best health system worldwide and everybody is  given the opportunity to receive proper medical help whether you are rich or poor there is no discrimination.""",10,16-Sep-17,4
213649,Tioconazole,Vaginal Yeast Infection,"""Do not use the cream that comes with this. It turned my hoo-ha into a burning ring of fire. It is 1 am and I have to work tomorrow. It&#039;s going to be a sleepless night for me""",1,17-Apr-17,7
51215,Azithromycin,Chlamydia Infection,"""Was prescribed one dose over the course of one day, took 4 pills of 250mg after a light lunch, and had nausea and mild stomach pains/upset. Lying down did not alleviate the discomfort and threw up 3 hours later. Called up my doctor to check if I needed to take another dose but he said my body would have absorbed the pills by then. Still experiencing mild stomach pains but nausea is mostly gone now.""",7,14-Dec-15,7
206180,Eflornithine,Hirsutism,"""I&#039;m writing a second review on Vaniqa.  I started using this in February this year. Twice a day although some days/times I do forget. I just want to say how delighted I am to have found this. It has totally and completely changed my life! I had terrible male pattern hair growth all over my cheeks, chin, upper and lower lip and starting to grow down my neck. I used to pluck for up to 2 hrs a time every 3rd day but was never hair free. I wouldn&#039;t kiss anyone hello or goodbye as even plucked the stubble could be felt under my skin. 3 months on im not scared of being caught in bright sunlight I pluck around once a fortnight and it takes around 10 mins. The hairs that are coming through are soft and downy. My life is transformed.""",10,11-May-14,99
78563,Daytrana,ADHD,"""Hi all, My son who is 12 was diagnosed when he was in 2nd grade. We tried everything before medication. When we tried meds, the first one made him loose weight, fast. The second gave him a nasty tic that thankfully went away as soon as he stopped the med, the third worked for a couple of years and around January of last year we started to have problems so his doctor recommended Daytrana. It has been wonderful for my son! Easy to use, he handles this for himself each day and takes it off when he gets home from school. The patch effects last long enough for him to do his homework. He does have issues with weight gain and sleep but he uses melatonin before bed if he feels like he will not be able to shut down. The shortage is KILLING us!""",10,12-Jan-17,11
132258,Ativan,Panic Disorde,"""Honestly, I have been taking ativan for 2 years now 1mg twice daily.  It does help but it should be used as a tool for panic attacks NOT A SOLUTION.  I have tried so many anti-depressants as well such as cymbalta, cipralex and a couple more.  The best thing is to talk to close friends and family or even a psychiatrist.  talking to people and venting is honestly the best thing you can do for yourself even though it takes a lot of will power to do it.  I would love to hear other people opinion.""",6,1-Jun-15,47
27339,Imitrex,Migraine,"""At first I suffered through them. This included splitting head pain, nausea, and vomiting. I started using Excedrin after a while which helped if I took it right away. Then that started to not work so well anymore. I had one really bad one that lasted hours. I was still throwing up at 9 pm and I was now throwing up blood. I went to the ER and when I finally got in they put me on an IV to hydrate me. They then added Imitrex to the bag and I soon started feeling side effects. My head felt like I was going to pass out. My breathing became labored and it felt like someone was sitting on my chest. They said that meant it was working. After about two minutes everything was gone. I got pills to take at home and they worked okay. Not as fast.""",8,16-Oct-12,6
51452,Azithromycin,,"""Very good response. It is so useful for me. """,10,18-Aug-10,1
96233,Sertraline,Depression,"""1 week on Zoloft for anxiety and mood swings. I take 50mg in the mornings with my breakfast. Nausea on day one  but that subsided as the week went on.  I get the jitters about 2 hrs after taking it followed by yawning. I feel much better though and less angry/stressed.""",8,7-May-11,3
204999,Toradol,Pain,"""I am 30 years old. I had a multiple composite spinal injuries 15 years ago. The aches and pains unbearable. I started taking anti-inflammatories about 2 years ago. I started getting injections every month of Toradol and &quot;Depo&quot; something. I am almost off all pain meds I mean I still have bad days but I can function again.""",10,11-Feb-13,16
214453,Tioconazole,Vaginal Yeast Infection,"""The burning is out of control about 20 minutes after inserting it . Sat in the bath trying to get this stuff out . This is awful""",1,11-Sep-15,2
71188,Viberzi,Irritable Bowel Syndrome,"""Have been taking Viberzi for a month now for IBS-D and I can&#039;t be happier. I have ZERO side effects. Thank you for making me normal again!!!!!!""",8,5-Jul-16,15
80520,Mobic,Osteoarthritis,"""Reduced my pain by 80% and lets me live a normal life again!""",10,13-May-15,82
125343,Dulcolax,Constipation,"""SO MUCH PAIN! 
In the last 2 years I have suffered with a brain tumour so have been in a LOT of pain to the point of morphine everyday for a year. Then I had brain surgery...but the pain from this pill came pretty close!! In serious pain to the point of blacking out hot and cold shivers and just sat in pain feeling like trapped wind/indigestion it&#039;s just.. Ahhhh!!!! Don&#039;t take this!!!""",1,13-Feb-16,10
93678,Morphine,Pain,"""I have been on morphine for at least 7 years..It is the only medicine that seems to manage my pain. Without it I would be in bed 90% of the time. With it I can have a life.""",8,8-May-10,19
60678,MoviPrep,Bowel Preparation,"""I have taken this at least 5-6 times for the last 10 years. I have had major problems with it since the first time. Causing me MAJOR FATIGUE. The last time I took it was 3 year&#039;s ago and I had very severe cramps and not having enough time to get to the bathroom. I went to the hospital and the doctor said it didn&#039;t work good enough so he had me go home and do a second round. I went back the next day and did the process with no energy. I had to do it last night and it was even worse than the other times. I was gagging it down and up all night with severe cramps. I tried the second dose in the morning and I just about started throwing up so I called the office and they said to stop. Once the doctor was done he said it didn&#039;t evacuate enough""",2,29-Jun-17,0
206444,Trilafon,Psychosis,"""I had a similar experience.  Tremors in hands (not really noticeable to someone watching unless they were looking for it), but relief from the delusions I was experiencing. My problem has been going on for over 16 years so I anticipate it will not magically disappear (and it didn&#039;t) but the clarity of thinking I experience with this medicine really helps me.""",9,23-May-11,45
221934,Fluconazole,Vaginal Yeast Infection,"""I am very prone to yeast infections, I believe it&#039;s due to my birth control as well as having unprotected sex. Fluconazole has always cleared up my yeast infections with 2 doses. No side effects.""",8,24-Apr-17,9
39795,Contrave,Obesity,"""I am just finishing my second week taking Contrave and have lost 10 lbs. It has been an interesting experience because the drug is definitely not an appetite suppressant, yet it does help you control the urge to eat. I have had mild side effects - some stomach discomfort and slight headaches along with constipation, but it has all been easily manageable. If you are considering taking this medication please keep in mind that you still need to do the work by exercising and eating right, but the medication really does help. It has helped me get my motivation back to exercise, and it definitely helps with cravings to eat making it easy to just eat what I need to be healthy. Use the coupon they give you, it drops cost to $70""",8,4-Nov-15,9
173398,Clonazepam,Panic Disorde,"""This medication changed my life.  My panic attacks were so out of control I was barely able to leave the house.  Within 2 days, a moderate does of this changed me into a new person.  That was 15 years ago.  My dosage has never changed.""",9,1-Apr-08,30
12056,Metaxalone,Muscle Spasm,"""I have been taking this medicine due to lower back trouble.  When I first took it, it worked great, now all it does is put me to sleep.""",5,4-Jun-14,55
121333,Venlafaxine,Depression,"""my gp started me on Venlafaxine yesterday to help with depression and the change,a hour after taking them i was feeling very sick couldn,t stomach food or fluids, thought keep it up as she told me they did come with some side effects which would get better,took another one last night and was so ill i couldn,t stand ,being sick sweating shaking thought i was going to pass out. Did get some sleep hopeing to feel better this morning,took another one and felt so spaced out dry mouth shaking ,sick, so booked in to see gp again to make sure i should be feeling like this, only to find out she had put me on the wrong dose should have been on 37.5mg was put on 150mg, now on right dose hope this will be better""",4,27-Apr-16,3
111409,Ledipasvir / sofosbuvir,Hepatitis C,"""At initial testing my VL was over 6 million. I received my meds on saturday 2 days prior to testing to establish a baseline. I started when I received my pills. 2 days and 5 hours later I got my blood test to establish VL, I had taken 3 pills at this point and my VL was under 700.  VL @ 4 weeks was 0 . VL @ 8 weeks was 0 and @ 12 weeks was 0 .  2 weeks til my 1st EOT test. I feel cured. My side effects were next to nothing.""",10,22-Sep-15,0
111474,Ledipasvir / sofosbuvir,Hepatitis C,"""Side effects are light- fatigue and a bit of a headache. I did find it easier to take it an hour after dinner.  WAY better then the triple-threat approach.  My blood work does indicate that I am in the beggining stages of cirrhosis. I also had Hep B in 1994. 

So far, it&#039;s like a miracle.  Other than the fatigue (which is nothing if you&#039;ve suffered Jaundice or the &#039;Sickie&#039; symptoms that Hep C can cause), it&#039;s business as usual.""",9,31-Dec-14,94
188061,Symbyax,Bipolar Disorde,"""Helps against sadness, and strongly counters moderate urges to drink at a stressful, confusing time in my life.""",8,17-Oct-10,22
146502,Tamsulosin,Overactive Bladde,"""24 Year Old, Male, UK ,Normally I would go every hour, even when drinking very small amounts of water or drinks.

I took this medication for only two weeks, I noticed right away I would go less often to the toilet, and it was much easier to dispense the urine. 

Unfortunately I had to stop taking this as the medications side effects outweighed the benefits. I found that I would have incredibly intense mood swings, aggression, feel clumsy and dizzy all the time. Blurry vision. Memory problems or mind blanks. runny nose, weakness, tiredness.

I am now trying Betmiga.. lets see""",4,3-Jan-17,10
153093,Doxycycline,Urinary Tract Infection,"""I battled a nasty UTI for over a month &amp; went through 3 different antibiotics till my doctor finally gave me this one. Makes you terribly sick to your stomach but in the end is completely worth it!! Felt completely back to normal in 2 days!!""",7,6-Jul-16,44
156544,Dulaglutide,"Diabetes, Type 2","""Hey Guys,  It&#039;s been 4 months since my last post as I wanted to give it a few months to see how this was going to work.  So, I have been on Trulicity for six months now with Metformin.  When I hit the five month period the diarrhea, gas, sulphur belching finally subsided.  I now longer have any of those side effects.  However, I still haven&#039;t lost any weight at all, but I think that was because when I first started Trulicity I was taking it with Glimepiride and that one has a side effect of weight gain so I think the two meds were fighting each other lol.  I have been back on the Metformin with Trulicity for about a week now, so we will see what this does.  I was diagnosed as  stage 3 chronic kidney disease (CKD 3) so I am watching diet closely.""",10,24-Oct-17,24
135645,Intuniv,ADHD,"""Intuniv did not work for my son; he was bouncing off the walls while he was taking it, and having major issues in class! It seems to work the opposite on him!""",1,21-Jul-11,23
69629,Buprenorphine,Pain,"""My pain management doctor put me on Butrans patches about 6 weeks ago 5 mg dose. The first box of four was a lifesaver. No more agony at work. Able to sleep. Did more in two weekends than I had in two years. I&#039;m hoping to bump up to the ten mg dose soon to cut down on my Norco. I have had chronic pain for many years and have been through many medicines including Oxycontin. This patch is the best so far.""",8,24-Jun-11,125
96906,Qvar,"Asthma, Maintenance","""I got heart palpitations, really bad - like almost constant. I was taking the 40 mcg one puff twice a day. I switched to flovemt and all is well.""",1,15-Nov-15,16
215018,Opdivo,Non-Small Cell Lung Cance,"""My mother died from lung cancer. Her last hope of this medication. Within a couple months she was gone""",1,2-Mar-17,6
102449,Aripiprazole,Schizophrenia,"""Abilify 20 mg.
I am a patient diagnosed with disorganized schizophrenia, depression,  schizoaffective disorder, bipolar.  I have experienced a sensitivity to my emotions, as well as how I react to my feelings.  I really don&#039;t feel out of the normal with any &quot;sexual frustration&quot;...and I wouldn&#039;t say this has increased/decreased.  I feel less anxious on the medication, and seemingly more at ease with myself when I take this medication.  It is a hard step to have people telling you that you actually do better on this pill, when half your life ago, you didn&#039;t have &quot;mental illness&quot;, and suddenly you become someone else.   My weight did fluxuate when on this drug.  But I feel it was due to stress factors outside of a regular environment.  I feel if you place yourself in good surroundings and support you do much better at being the person you are here to be.  I am so much happier in life with a routine.  I feel like I only referred to enlongated periods of sleep because of depression, and events surrounding certain time frames hence thoughts, and reactions.
Abilify (aripiprazole) My instant reaction from this drug is concern for my well-being.  I am nervous because I am one of the people taking this drug till the stars fade, every day to my last.  My doctors all seem to say the same thing, and that is, &quot;This medication is working for you&quot;.  I do blood tests when I go into the Hospital freqently, and they are not finding anything off the charts and everything is always normal with my vitals. 
My thought is, how do they consider this medication works for me?  Because I am not showing side effects?  Because I am accepting?  I feel I have to hold patience, my own value, what I care about around me to help better myself mentally and my virtue.  I feel that I am just not the type of person to curbside answers to things we wonder deeply about, I guess.  
I don&#039;t know if there are any people who would agree then that I should ask if there are any women who have taken abilify during a pregnancy?  Just wondering what the reaction is...  Is my question?  I am a 30 year old female diagnosed with Mental Illness starting in 2004.  I started to take Abilify 20 mg. in 2004 to present.  Overall, since this medication has not been threatening to me, I feel I should embrace it.""",10,25-Sep-16,26
60455,Pyridium,Dysuria,"""I&#039;ve been having UTIs for 7 years, my most recent one has lasted 24 days so far. Because of this I went to the doctor and they prescribed me pyridium twice a day. I was very hopeful but unfortunately it didn&#039;t work. The burning while urinating is still there and I&#039;ve been on it for three days so far. Also discomfort all hours of the day down there. It may work well for others but my body doesn&#039;t accept it, it did nothing. Going to the doctor was useless, go straight to the urologist""",1,13-Oct-16,8
87285,Latuda,Bipolar Disorde,"""I have had great experience so far with Latuda. I started taking 40 mg in Nov., and it worked great for about a week, then I crashed again. Dr. put it up to 80 mg and I&#039;ve been great ever since. I&#039;m afraid, though, because my sex drive has completely disappeared, and if it&#039;s the Latuda, I&#039;m going to have to go off it-and I hate to go off something that&#039;s working so well. However, I&#039;m also on a pretty high dose of Lexapro, and the Dr. thinks it&#039;s more likely to be a side effect of that, so we&#039;re decreasing that and hopefully that will work, because otherwise I&#039;m feeling really good. I&#039;m really afraid I&#039;ll have to go off it.""",8,20-Feb-12,39
225508,Bupropion,Smoking Cessation,"""Love this, no mouth sores, or ulcers like Wellbutrin gave me. I COMPLETELY QUIT SMOKING...this works.""",10,22-Aug-14,15
106703,Implanon,Birth Control,"""Never again! After being on depo I was suppose to b an ideal candidate the first 6 months was ok bit moody but fine no weight gain but then something changed I was constantly bleeding and getting horrible hormone spots I normally have clear skin mood swings were increasing. After 14 months I decided to have it taken out and that was an ordeal they can b very tricky for the doc remove. So 3 anesthetics and a few stitches later its out. It&#039;s simply not worth the hassle""",2,20-Aug-15,1
131704,Effexor XR,Anxiety,"""Was on this med for 5 years. Worked fine but not great. Stopped the panic attacks and gave me relief of every day nervousness that I was experiencing. Took months for the side effects to diminish when I first started taking it. What did not leave - insomnia, night sweats, lack of sex drive and poor orgasms (or no orgasms at all).""",6,27-Dec-16,23
192806,Drospirenone / ethinyl estradiol,Birth Control,"""I was put on Yasmin for 6 months to regulate my cycle and reduce acne flare-ups and it was the worst 6 months of my life. I gained 20lbs that did NOT come off easily after stopping the pill, experienced horrible mood swings, had HEAVIER periods, acne breakouts, breakthrough bleeding, and I was nauseous all the time. This pill seems to agree with most people but it definitely did not agree with me. I went on Femcon a year after stopping Yasmin and experienced virtually no side effects.""",3,11-Apr-11,8
69488,Buprenorphine,Pain,"""I love my Butrans patch!!! And it has relieved more than half of my pain, and I know this because I only have to take less than half of my pain killers now that I am on the patch! I change my patch every Saturday, but if I miss 24 hours my pain starts to reside again. If you are not a heavy drinker I would advise trying this patch!!!""",10,6-Aug-15,47
107449,Implanon,Birth Control,"""I have been on this for 8 months and sad to say it&#039;s caused nothing but my self esteem to become lower. I&#039;ve gained 10 lbs out of no where. I&#039;m only 22 and have a fast metabolism. I thought it started to slow down but it didn&#039;t make sense. My breasts got smaller, I have lost complete sex drive, my breasts aren&#039;t sensitive anymore at all like they used to be and I&#039;m so emotional, even crying at times. The only thing I can say is that it is 100% effective but not worth what it has done to my body. Not only that but I started breaking out on my body and on my face as well.""",1,1-Sep-11,2
60156,NuvaRing,Birth Control,"""I was off birth control for a while considering getting pregnant. I had used other types of birth control before, the pill, the patch, etc. I decided to get back on birth control but didn&#039;t want to worry about taking a daily pill so I requested the Nuvaring. When I started the Nuvaring I felt it inside my body and had a lot of cramps. A few days later I started experiencing more cramps and very strong upper stomach pain. They were so bad I missed work for a week. Finally I ended up going to the ER and they couldn&#039;t figure out what was wrong. I finally asked the doctor and it was the Nuvaring side effects.""",5,18-Apr-13,9
88659,Prepopik,Bowel Preparation,"""I took the Prepopik for my first colonoscopy (I&#039;m 25) and I found it to be very effective. The orange flavor was very tolerable. I had no bad cramps or terrible side effects with it, but I had taken magnesium citrate the night before and that had already cleaned me out somewhat. My only issue was I ended up so dehydrated that I showed up to my colonoscopy with a fever. Try to drink as much fluid as you can with this prep! I drank plenty, but there was more liquid coming out of me than going in. Overall, I would recommend the Prepopik. On a side note, my insurance didn&#039;t cover it, but the office I go to had it available. I recommend asking your office if they have it available if insurance won&#039;t cover it at the pharmacy.""",9,14-Mar-15,6
24139,Tretinoin,Acne,"""I just hit my three month point on tretinoin .05% and I&#039;m so happy. I was really  depressed about my skin during the first two months because I&#039;ve never had bad acne and the cream made me have horrible acne. But I knew that was the worst part of it and after that was over I would be fine. I&#039;ve inly had two zits since then and I&#039;m only left with scars which is fine. Try it out even if you&#039;re scared because I was too and I&#039;m so glad i did. It&#039;s worth it!""",10,4-Nov-15,13
131909,Effexor XR,Depression,"""This medicine saved my life. I was at my wits end with anti-depressants and was ready to give up. My doctor finally prescribed me this after many failed medications, I am so glad she did. I honestly do not know where I would be without Effexor XR. Side effects were very mild compared to other anti-depressants I tried. I was drowsy for the first couple days, but it was tolerable. I highly recommend this for severe depression. I would also like to mention for people to realize there is light at the end of the tunnel and YOU WILL GET BETTER, and to never give up.""",10,20-Jun-13,166
202903,Gildess Fe 1 / 20,Birth Control,"""it caused me to gain 30 pounds""",2,21-Sep-16,2
85162,Ethinyl estradiol / norgestimate,Acne,"""Best treatment for acne I have used! I&#039;ve gone through accutane, many face washes, retinol creams, and other forms of birth control. Some other forms of birth control just make acne worse, depending on the type of progestin in it. You need the least androgenic type possible, and sprintec has worked the best for me! Nearly clear skin. Takes about 5-6 months to fully work, but it does work.""",9,3-Nov-15,7
12559,Elbasvir / grazoprevir,Hepatitis C,"""I started taking Zepatier three days ago! No sides effects till now! I would like to share only this that I feel a slight pain in the back of the head. That&#039;s all for now! I&#039;ll keep my fingers crossed till I finish in 12 weeks! :)
Update: Now, I&#039;ve finish my 3rd week of the treatment! No sides effects, even my blood test is brilliant! I&#039;ll inform you when I finish my 8 week!Update:
Incredible!!!!!!!!!!! On my 31st day, the virus is undetectable! Before start taking Zepatier I had 4.796.191 viral load, now the results are negative! No side effects! Zepatier is working very well! Thank you Zepatier!""",10,5-Oct-17,8
83734,Clomiphene,emale Infertility,"""I took Clomid for the first time last month. My husband and I tried for a year. I have a blocked Fallopian tube. I had to use estrogen medicine also because my uterine lining was too thin. Then my doctor had me use HCG shot to stimulate ovulation since Clomid can apparently mess up if/when ovulation occurs. I took the HCG shot over 2 weeks ago. I noticed some weird symptoms a few days ago and I just took multiple pregnancy tests. And I&#039;m pregnant! So Clomid worked great for me so far. Yay!""",10,1-Jun-16,74
168378,Docusate / senna,"Constipation, Acute","""I am a 52 year old women.I was bloating a lot from not pooping..Alls good now....""",8,14-Nov-15,3
172031,Amitiza,"Constipation, Drug Induced","""I had a tummy tuck on Dec 18. The surgery was painful but the constipation from opioids from the surgery was just as bad. My plastic surgeon wasn&#039;t familiar with treating OIC so I called my primary care physician. She gave me Amitiza 24mcg. It took almost two days but it was amazing and I was so thankful. I had to remain on opioids for three weeks and the Amitiza worked so well I haven&#039;t had any issues!! Thank you Amitiza!!!""",10,12-Jan-16,35
144224,Etonogestrel,Birth Control,"""My experience during the nexplon is great not a pregnancy yet.  My only issue is it causes me too much bleeding. I get my periods from every other week up to 1 month up to 3 month . And it ruins My sex life""",10,27-May-16,1
109866,Nexplanon,Birth Control,"""I&#039;ve had mine for over a year and noticed the weight gain, mood swings, but no acne. My body adjusted quick and I lost the weight. The only issue I&#039;ve had is every time my boyfriend and I have sex, I spot the next day for less than a week. Other than those issues I love it and recommend it to all of my friends!""",6,19-Jun-16,1
216434,Sildenafil,Erectile Dysfunction,"""Awesome!  My new boyfriend has a few issues; I believe it is all mental because of the bad relationships in the past.  He ordered this and then was prescribed this.  I told him he will go broke and he said it is sooooo worth it.  I orgasm every time, sometimes twice, and he does too.  Wow.""",10,14-Oct-15,14
9116,Lo Loestrin Fe,Birth Control,"""I am always bleeding between periods, I&rsquo;ve also gained 15 pounds and on a skinny girl it&rsquo;s very noticeable! My acne hasn&rsquo;t got worse or better. And now I&rsquo;m not getting my period when I should be. I am experiencing depression where I don&rsquo;t want to be around anyone I don&rsquo;t want to eat because I&rsquo;m gaining so much weight I&rsquo;m stuck in my head and lashing out at people. I&rsquo;m not my normal self. I wish I found a pill that rids my acne and doesn&rsquo;t affect my weight or sex drive..""",2,26-Oct-17,5
111410,Ledipasvir / sofosbuvir,Hepatitis C,"""Had hep-c since early 70s and cirrhosis for the last 20 yrs. Tried interferon and riboviron which   had to stop treatments due to side effects that was terrible. Got on transplant list in Oct of 2014 and received a new liver on 19 Dec 2014. I was really blessed. Hep-c  was on a mission to destroy new liver but after 4 weeks of harvoni virus is undetectable .  Another blessing. Am still on treatments for 8 more weeks but 0 side effects so no problem.""",10,18-Sep-15,36
64089,Sertraline,Panic Disorde,"""These reviews helped me so much when I first started Zoloft over 5 weeks ago that I wanted to post my experience.  After several weeks of increasingly worsening panic attacks at work, I ended up in the hospital. A year ago my psych Dr switched me from cymbalta to a mood stabilizer and things were good until November as stress at work increased.  I was depending on too much bromazepam to get through the day.  My GP started me on 50 mg of Zoloft and my anxiety was so bad also tremors for 4 weeks I was sure I would have to quit working or cut my hours.  But this Monday on week 5 was amazing.  I still have some anxiety but I seem to be able to handle it now.  It&#039;s like I have my confidence back. Good luck!""",10,23-Mar-17,28
217014,Oxcarbazepine,Trigeminal Neuralgia,"""66 YO caucasian, male. Developed MS @22-23, diagnosed @30. Developed trigeminal neuralgia in 3/2014 lasting 7 days. Started on Carbamazepin 7/2014. TN returned 8/2015; constant ever since. Had microvascular decompression surgery on 6/3/2016. Pain ceased for 19 days after surgery then returned as severe as before. Surgery recovery was painful, left me weak, disoriented &amp; less mobile. Neurologist changed Rx: from Carbamazepine to Oxcarbazepine (300 mg, twice daily) 6 days ago. Deep facial lancinating pain has remissed but still have burning, electric jolting pain in upper lip and cheek. Also taking Tramadol HCL (50mg, once daily) which seems to help. Carbamazepine never worked. Oxcarbazepine/Tramadol combo seems effective.""",7,18-Jul-16,15
171349,Wellbutrin,Depression,"""Started taking it and I slept well at night and awoke early around 5 to start my day happily. But come 8 am and I am drowsy and needed to take already two hrs nap. Awake and resume
My day with not much difficulties. Than st 2 pm again I needed  a nap? So how was I gonna make it to work and my appointments too ? I went cold turkey. Felt much better after that. Only to crash again. I did try other anti depressants including pristique. But I suffered with insomnia with these meds.  I know I need to start again but so confused if I should resume welbutrin""",4,13-Jan-17,15
60050,NuvaRing,Birth Control,"""I have been on pills for years, and in 2012 I tried Mirena. I had cramps and terrible side effects all the time and just had it taken out last month because I have gained around 10lbs in my stomach area. I have been on Nuvaring for about 2 weeks and so far it&#039;s way better. As soon as Mirena was removed my weird stomach pains stopped, but I&#039;m still trying to lose the extra weight. 

""",7,3-Apr-14,9
131041,Levonorgestrel,Birth Control,"""I had the Mirena put in almost a year ago. Insertion was a breeze next to no cramping. My periods have remained heavy and do not show signs of stopping. Have gained about 30 pounds have acne and headaches and backache, so now I am wondering what is next. My doctor would not take it out and wanted me to remain on it for a year. It is almost a year so I am finding a new doctor and getting it taken out.""",1,18-Jan-10,10
17083,Phillips' Milk of Magnesia,Constipation,"""Drinking a few extra 16oz bottles of water during the period after taking the Milk of Magnesia will help stop the painful hard stools constipation usually brings. It will help ease the release. There can be different amount of time you can expect the recommended dosage to work. For me it&#039;s best taken on an empty stomach. No food for 4 hours or more helps speed the desired effect. If it&#039;s been several days since you normally have movements it will also take longer for the effects to begin. Drink water, as much as you possibly can. If diarrhea occurs cut back on water. Take the prescribed dose, not more. Drinking lots of water along with sufficient fiber in my diet has become much easier than fighting with constant constipation.""",9,9-Jan-14,120
186984,Nature-Throid,Underactive Thyroid,"""do not take this medicine without the supervision of an endroconologist.  It was NOT for me""",1,28-Jan-17,18
202401,Lithium,Bipolar Disorde,"""I appreciate Lithium. Although my thyroid level is low, a supplement helps to equalize this problem. I&#039;ve been through at least 20 different medications to stabilize my Bipolar diagnosis. I always wanted to be of normal state of mind. Lithium has allowed me to be equally yoked with myself. 300mg ER in the evening. 100mg of Seroquel in the evening. 20mg of  Cymbalta in the morning! I&#039;m set! If I&#039;m feeling anxiety I can add Busper or Loranzapam.""",10,23-Aug-16,27
189138,Oxycodone,Chronic Pain,"""I&#039;ve been taking oxycodone for roughly 5 years....I&#039;ve gone a few weekends without it before because I&#039;ve ran out but never experienced any withdrawal symptoms.  It works great if you take it exactly when you need to and don&#039;t exceed your prescribed amount or take it early.  I&#039;ve been living with chronic pain for years...have had a complete joint replacement on one side and and anchor placed on the other side of my jaw. The surgeries help immensely but I&#039;ll still always be in pain.  Been taking the same dosage of 10mg 3x a day for the 5 years and yes my body is used to the effects so it doesn&#039;t work as well but it works well enough and I refuse to take a higher dosage or more pills per day because...well let&#039;s face it..this medicine is scarey""",8,18-Dec-16,24
156143,Cialis,Benign Prostatic Hyperplasia,"""My husband (age 63) has been having problems with Benign Prostate Hyperplasia, and erectile dysfunction as well.  We had gone from a fantastic sex life to one that was fading fast.  Then his doctor put him on a small daily dose (5 mg) of Cialis. Holy smokes!  He is bigger and harder than he was at 30. I am loving this. I have always had a powerful sex drive, and I was resigning myself to watching that fade away. I&#039;m now clearing my schedule for action. I am honestly feeling more satisfied than I did at 25.  Ladies, if your guy is slowing down, push him to do this.  You may not have as much time to clean the house, but both of you will be smiling a lot more!""",10,21-Mar-13,132
56141,Estradiol,Atrophic Vaginitis,"""I&#039;m 58 and recently started on this medicine. Almost immediate relief of vulvar dryness and pain. Not sure yet if the painful intercourse will be relieved but this looks optimistic to me after many months of intense pain. Medicine does not seem gooey or even noticeable when used. Really like it so far.""",9,30-Oct-09,128
43085,Sronyx,Birth Control,"""This medicine is absolutely terrible. After three months of using it my hair has fallen out so much so that I can see my scalp very visibly and it&#039;s very very embarrassing. I stopped taking it and am now considering a copper iud. No more hormones for me.""",3,28-Apr-16,3
187720,Augmentin XR,Skin and Structure Infection,"""Had a cat bite me on my hand...full set of teeth and sharp. Hand swelled and was red. Took augmentin 8 hours after being bitten and within 3 days swelling went down and redness had faded. 6 years as an animal control officer and never injured once...help my friend pick out a cat at the local humane society and get bitten...oh the irony! This is an excellent medicine for cat bites. Had a friend tell me her dad got bitten by a cat and he ended up in the hospital and almost died from an infection. Lucky me from my experience I knew to seek medical attention immediately. Anyone bitten by a cat should know they have about an 85% chance of infection and need to take it very seriously or you&#039;ll end up in hospital.""",9,13-Dec-08,37
7337,Monistat 7-Day Combination Pack,Vaginal Yeast Infection,"""So yes the first use was an experience. I had been so raw from constant itching that seemed to get worse within a few hours. I applied the cream to my lady parts and talk about wanting to take a cheese grater to your down under itchy fire parts. I had to take some Benadryl to help the itching. The vaginal insert of the cream wasn&#039;t bad until it melts....and then it gets itchy inside your lady cave so to speak. After the first hour it seemed to calm down a lot! I shouldn&#039;t have waited so long to have done something about it. I never had any thick discharge so I thought it was just a little irritated. I had never had a yeast infection and lord knows don&#039;t ever want to go through this again. But the product overall works.""",8,8-Jun-17,5
79467,Plan B One-Step,Emergency Contraception,"""Had sex on the 7th of August. Took Plan B about 23 hours after from the intercourse. Haven&#039;t gotten my period yet because I&#039;m not supposed to be due until the 20th of August but a major side effect that I&#039;ve been experiencing is a MAJOR amount of tiredness and exhaustion! When I got home from work the day after I took the pill, I went upstairs around 9pm to sleep and woke up the next day around 1pm. I wake up extremely exhausted and my feet start to get tired as well. Also I barely ever hungry anymore... I&#039;m 18 years old so this is very unusual for a teen... Hopefully my period comes soon.""",9,10-Aug-14,26
147133,Alprazolam,Tinnitus,"""My ears were ringing like crazy, I was almost to start break down and cry, but I was reading on one guys experience on how to best the ringing and everything he went thru I was going thru so I stsrted to do exactly what he said is to tune it out cause the more you think about it the worse it gets because with titinus you csn become your own worst enemy. So I keep reading on other testimonials and read alot  of people took zanax and it seemed to quite the ringing down.  So I had a zanax 0.5mg took it also because I couldnt sleep, the next day I woke up with a slight ringing and as the day progressed it went completely away Thank the lord.I truly believe that this oh s a condition thats related to the nrevous system there is s cure out.""",10,16-Jan-14,87
45237,Fluoxetine,Major Depressive Disorde,"""I started Prozac as one of my first anti depressants for MDD

 It made me horribly sick. I was nauseous all day, and wouldn&#039;t eat for days at a time. I stayed on it to try and get thorough the side effects but they wouldn&#039;t stop, I was throwing up every other day

One day I woke up and I started to violently shake, This lasted for over 12 hours until I ended up in the hospital with Tachycardia. 

This was a horrible experience and months later I still have stomach and heart issues, I&#039;m on new medications now, But because of my bad experience I get very anxious when I take them""",2,12-Jan-16,18
102810,Aripiprazole,Depression,"""Intake Effexor XR 375 mg, and lorazepam for depression and anxiety. My doctor added Abilify and I took it in mornings. It made me foggy. I moved it to Bertie and sleep better overall. I have noticed an increase in irritability which equates to feeling extremely angry by 3 pm daily. I&#039;ve rearranged my lorazepam to reduce that but need more time. I&#039;m also having restlessness which almost feels manic. We shall see. Increased cravings for sweets.""",4,17-Aug-12,33
60280,NuvaRing,Birth Control,"""I am torn by the Nuvaring. The convenience is great. There is no daily time to take a pill, only once a month which can easily be marked on a calender or put into a phone. It never falls out, I never feel it and changing it is simple, too. I would give the Nuvaring a 10 out of 10 just based upon the simplicity and the price is really reasonable, too. But, there are some downsides (for me personally). For the first few months, I did not notice side effects, although they are there. I have a VERY low tolerance to alcohol when on the Nuvaring. Very emotional, tired, and strung out all the time. I was on the pill before and none of these happened. I also have longer periods. It&#039;s worth a try, every girl seems to have a different experience!""",5,31-Oct-11,0
10677,Spironolactone,Acne,"""I&#039;m 30 years old.  I started having really bad skin about 2 years ago from maybe stress in my life.  But, I tried EVERYTHING to get rid of it and it just got worse.  I finally went to a dermatologist and she put me on spironolactone.  My skin started getting better in about two weeks. I LOVED it. I&#039;ve been taking it for about 6 months and I get compliments from Makeup artist and models (I&#039;m a hairstylist) about how good my skin is.  Another plus for me is my breasts went from a small B to a C! I decided to stop taking it for a week and my breasts went small again and my skin is getting a little oily. So I&#039;m going back on. I only take one a day.""",9,21-Aug-13,31
196244,Fluvoxamine,Anxiety and Stress,"""I&#039;ve suffered from panic attacks and anxiety for years.  I took Paxil for many years, but its effectiveness waned, and I hated the weight gain and sexual side-effects that came with it.  I switched to Luvox, starting with 25mg and it worked miracles.  Eventually, I had to move up to 50mg and now for the last two years 75mg.  I have had no adverse effects, and it has been a lifesaver.  Eventually, when my son was diagnosed with panic disorder (certainly inherited from me, much like I inherited it from my mother), his doctor tried Luvox for him, too.  His assumption was that our genetic similarity and our similar diagnosis might be treated by the same medicine.  He was right. Both my son and I are living anxiety-free, panic attack-free lives.""",9,3-Jan-11,44
19966,Macrobid,Urinary Tract Infection,"""Awful medicine, the worst. The side effects outweigh the benefit.  Headache the first night, leg and back pain, Sensitive skin,  just awful. Pain got worse and worse. I changed my meds to ciproflaxcin. I have used this in the past so hopefully, it will continue to help. I even questioned the doc at urgent care to see if I can take cipro and she offered macrobid. Maybe this urgent care and this medication is something they get a deal on....stay away from macrobid.""",1,7-Jun-17,16
229524,Lurasidone,Schizophrenia,"""I&#039;ve been on Latuda for a little under 2 and a half years. It almost completely stopped my psychotic symptoms except I still hear voices now and then, mainly when I try to go to sleep, but there are no delusions or paranoia while on the drug. I take cogentin in combination with it because it causes me to shake a lot. Main side effects I experience include anhedonia, shakiness, jaw clenching, and inability to sit still. However, I&#039;m happy with it because it actually works, while other antipsychotic meds I tried did not, and it doesn&#039;t cause the endless hunger that I experienced with drugs like Saphris, Haldol, Zyprexa, and Risperdal. It should be noted I am at the max daily dose, which is 160mg.""",8,26-Sep-15,0
180062,Adapalene / benzoyl peroxide,Acne,"""I&#039;ve seriously only been using Epiduo for four days and have seen A HUGE improvement. My skin is a little dry but I use Cetaphil moisturizer to balance it out. I am also using Doxycycline along with the topical treatment (Epiduo) and my acne is getting soooo much better. LOVE IT!""",8,31-Oct-11,12
126595,Brimonidine,Rosacea,"""This cream is absolutely horrible. I will admit the cream initially does what is says it will do, gets rid of the redness. However this is completely temporary, around 6 hours in my experience. What comes afterward is a serious rebound. I spent the day outside in the cold weather (normally a trigger for me, which would normally warrant redness) and when I came back in around 6 hours later my face has never felt hotter in my life. My skin burned and was unbelievably deep red, it looked as if I had held my face up against a fire. This lasted around 2-3 hours. I used it once more thinking my skin needed to get used to it and the results were even worse. I threw away all of my samples after 2 days.""",1,31-Jan-17,16
208641,Amlodipine / olmesartan,High Blood Pressure,"""My blood pressure has been around 160/100. Doctor prescribed Azor 40/10. Just 4 hrs later my reading showed 120/82. I was amazed. I am now on it daily. Thanks to Azor.""",10,19-Jan-15,10
220696,Loestrin 24 Fe,2</span> users found this comment helpful.,"""I&#039;m 16 and  I have been on Loestrin 24 for about a week and half. The day I got them (and started taking them) was a day after I stopped my period and two days ago I started my period it is like a normal. I don&#039;t think I have gained weight due to me being sick and therefore don&#039;t eat as much as I normally do but I did not lose weight like I normally do when I&#039;m sick. I have been getting cramps which I don&#039;t normally get except the first one or two days of my period. I have been really depressed and I&#039;m not a depressed person. I mean I was crying over the stupidest things like my mom not cooking dinner when I wasn&#039;t even hungry. I&#039;m going to talk to my doctor tomorrow.""",3,3-Nov-10,2
122541,Linaclotide,Irritable Bowel Syndrome,"""So far loving this. Stomach pain has almost disappeared, haven&#039;t had an attack in over a week. Down side is have to be near a bathroom about an hour after taking it but that is manageable. Hopefully it continues to work. Time will tell.""",8,21-Jul-16,17
163567,Mirtazapine,Anxiety,"""I used it at bed time along with Paxil. I have anxiety and at times insomnia. The lower the dose(@ 7.5 mg), the more it becomes a sleep aid. It worked well for both anxiety and insomnia.""",8,17-Mar-15,72
57623,Acetaminophen / hydrocodone,Pain,"""I suffer from chronic pain due to severe arthritis and stenosis in my lumbar spine. I take vicodin as needed to alleviate &#039;breakthrough&#039; pain, i.e., occasional pain so great that my usual daily maintenance dose of Embeda ER (morphine/naltrexone) cannot relieve it. It works well, with the usual opioid side effects, hence a score of 8.""",8,6-Dec-16,3
137538,Isotretinoin,Acne,"""I just started this medication on April 1st and after 3 days I started seeing the effects and I can see it&#039;s taking it&#039;s course and working so far. The doctor started me on 40mg two times a day for 4 months. So far only side effect is dryness which was to be expected. """,7,6-Apr-09,10
156303,Ropinirole,Restless Legs Syndrome,"""Been dealing with restless leg syndrome.for about 2 years. It kept me from falling asleep. First they gave me flexiril. And it did nothing. Than a miracle came about and I was prescribed reprinol and my legs haven&#039;t twitched since . Amazing drug I must say. My sleep has improved greatly""",10,18-Aug-16,14
34093,Zoledronic acid,Osteolytic Bone Metastases of Solid Tumors,"""I dreaded the side-effects and had NONE.  I had the intravenous infusion three days before Christmas 2011 and was scared that I would be flattened by the supposed side-effects like flu-like symptoms, bone ache and so forth and was pleasantly surprised.  I am having my second one in just ten days time and hopefully it will be a repeat of the first one.""",10,25-Jan-12,31
116910,Lamictal,Bipolar Disorde,"""This is a very good medication IMO.  When you titrate up to the dose intended, you will notice subtle differences.  Many times I have thought that this had flattened me out but when I backed off the dose, symptoms came roaring back.  No noticeable side effects for me.  Helps stability very well, maybe the cause of some anxiety not much tho.""",9,28-Oct-13,46
166891,Levonorgestrel,Birth Control,"""My time with skyla has been an absolute breeze. Ms. Skyla and i have been together since late october 2015 and it has been great. I must admit that the insertion is a bit painful,but you will soon forget. I got cramps for about a weekafter insertion. Nothing that a littlw ibuprofen couldnt tackle. I urge anyone who is thinking about skyla to just do it. I promise it is worth it. Please remember that pain is subjective. Meaning it just depends on the person. """,10,14-Jul-16,1
160750,Buspirone,Anxiety,"""Have tried Paxil and Lexapro which sent me into hyper-panic and GAD. I was about to give up on medicines and accept my miserable anxiety as a fact of life when my Doctor recommended Buspirone. I noticed my anxiety began to taper the second day I took the medication. No real side effects to speak of through my first week. The one thing it has delivered for me, HOPE!""",9,12-Mar-11,9
65646,Propranolol,Anxiety,"""I have been suffering with this anxiety problem for years and it was starting to interfere with my life.  I am a confident person socially, but my fear of presentations was huge and I would my voice would tremble to the extent where it sounded like I was full on crying. I researched medication for this fear and found propanolol. My doctor prescribed me with 80mg Half Inderal (Propanolol) and despite what some say, he was not hesitant about giving me a prescription and said he regularly gives it to musicians/public speakers etc. It has worked wonders for me, I no longer embarrass my self and now feel happy and confident. You may still feel nervy, but the adrenaline does not kick in. I have not suffered any symptoms and only take it seldomly.""",10,8-Apr-17,40
61002,Focalin,ADHD,"""My 9 year old son has been on various medicines for ADHD since he was 6. We just switched to Focalin 10 mg about 2 weeks ago. We are noticing that by about 1:00 in the afternoon it is completely out of his system and there is no focus. We are going to try a booster dose of 5 mg in the afternoon. I&#039;m going to talk to our doctor about lowering his morning dose because he feels shaky and tired, which I thought would have subsided by now. His focus is terrific but I wonder if we can get the same results by knocking down the dose a bit and adding the booster. Other than that, his sleep and eating habits are the same. Whew!""",9,31-Jan-10,48
49143,Ethinyl estradiol / levonorgestrel,Birth Control,"""I love Lutera. I am very sensitive to other forms of birth control. Lutera has been one of the only kinds I can take. 
Pros: light periods, no cramping, no intense side effects, bigger boobs.
Cons: Brown periods, slight weight gain. 
I also tend to get a bit emotional 1 or 2 days before my period....however I am always an emotional person so this could just be me. I have been on Lutera for 6 years ☺""",9,29-Jul-16,10
58547,Jolivette,Birth Control,"""I took Jolivette 6 weeks after I went home with my first baby.  A year after we went on vacation for four days and I forgot it at home. After vacation I took it and everything was fine. A week later I got my period. I thought it wasn&#039;t a big deal, or was maybe because I miss all those days. It last 5 days. 2 weeks after that again but now lasting 7 days. Then I started to get my period every week and now every 3 days! Lasting 7 days! Worked amazing in the beginning but I messed it up.""",8,12-Mar-13,10
35254,Levofloxacin,Bronchitis,"""I was prescribed this medicine for bronchitis, 500mg. for 7 days. It really cleared up the bronchitis, but left me with bad tendonitis in my right leg.  No telling how long this will go on.  I can barely walk when I first get up in the morning, although it gets better with gentle exercise.  I too have noticed crazy dreams, no dizziness, but I think it is causing me to make some bad decisions.  Do not take this medicine for anything under any conditions.  Find some other drug.  The side effects are unpredictable, come on after you have already stopped taking it, and are miserable.  I&#039;m going to try some of the remedies the other reviewers have mentioned.""",8,23-Feb-15,20
165013,Phentermine / topiramate,Obesity,"""I have been using Qsymia for a little over 3 months. I have lost 50 pounds. I&#039;m 30, have 1 child and couldn&#039;t lose weight no matter how long I stayed in the gym. There is no magic pill that works for weight loss without DIET AND EXERCISE! You need to do these things to see these type of results! I will say in the beginning my side effects were awful I always felt tired but I pushed passed that and it went away. I have since gone off my blood pressure medicine as well. I would recommend following closely with your doctor if you are on BP meds though because my blood pressure dropped so quick I was fainting. Not from Qsymia but from getting healthy so fast.""",9,21-May-15,22
77567,Cephalexin,Skin or Soft Tissue Infection,"""I try not to take medicine unless I am really sick but my doctor recommended I take cephalexin for a small cyst on my eye lid.  I decided to try it because antibiotics are one of the medicines I believe are very good when you are sick and your body needs a little help to heal.  My dosage was three 500mg per day for 10 days.  After the first day I developed stomach cramps and diarrhea.  I was not sure if it was due to the medicine so I continued to take the cephalexin for two more days.   When the condition did not get any better I stopped taking the cephalexin.  It has now been a week since I first took the cephalexin and I still have stomach cramps and diarrhea.  I advised my doctor&#039;s office of my problem but they have not called me yet.""",1,1-Mar-16,7
195482,Aviane,Birth Control,"""I took Aviane for about 3 years. I gained very little weight when I began taking it, but quickly dropped the lbs when I started paying attention to how I was eating. I never had any issues with an irregular period or acne, but my main side effect was moodiness. It took me a couple of years to figure out why I&#039;d become this hyperemotional person, but then after much research, realized it was the Aviane. I began to pay attention to my moods and regulate my mood swings, which helped. I&#039;ve been off the pill for over a year now, but if I had to go back on birth control, I would choose this one again.""",9,4-Jun-16,3
144777,Etonogestrel,Birth Control,"""I was put on this birth control when I was 15 I was 150lbs I gained 50lbs then I replaced it and got a new one and I&#039;m gaining even more weight it barely helps with periods anymore my periods last for 5 weeks at a time now and barely anytime in between to have a break""",3,27-Jan-16,0
185739,Saxenda,Obesity,"""I&#039;ve been on this medication almost a full month. I never feel hungry and have been eating WAY less than I ever have, however the scale has not moved. Bad heartburn has been my only side effect. I&#039;ll try it one more month and then if no weight loss, I&#039;m going to stop. Disappointed...and I had to pay $1,000 out of pocket!""",1,19-Feb-16,17
182130,Clomipramine,Obsessive Compulsive Disorde,"""This med caused me to hear internal voices (auditory hallucinations, but in my head). Made me paranoid, anxious, scared to be alone, tired, nauseated, no appetite,  and felt schizophrenic. Started at 50 mg, coming off immediately, per my PDoc. I hope it gives you relief, as most seem satisfied. Bummer it wasn&#039;t my life saver.""",1,19-Jul-17,3
632,Medroxyprogesterone,Endometriosis,"""Depo has been great for relief of pain from endometriosis. I am on my 3rd shot. No more period, but I do spot the whole month before the next shot is due. I am hoping that will stop as my body gets used to it more. The shot is painless, the only side effect I have noticed is minor weight gain and my sex drive has decreased a bit. I am okay with that at least the pain is gone. I got scared reading what everyone had to say about this drug and almost didn&#039;t get it. I am glad I took the chance to see how &quot;I&quot; reacted to it. Everyone is different. I am very satisfied with it.""",9,27-Aug-09,51
104905,Ethinyl estradiol / levonorgestrel,Birth Control,"""I&#039;ve been on Jolessa for 6 months.  I decided to try this because I get bad headaches during my period (even though they&#039;d only last 3 days, 4 days at most) and I wanted to avoid it altogether.  The first two months, it was great.  Then my period arrived a month early and the bleeding lasted for 25 days, mostly light.  I had already picked up my next 90 day pack so I figured I&#039;d try to get through that and if I still had the bleeding, I&#039;d talk to my doctor about another birth control.  No need to do that because Jolessa is now working perfectly for me.  It&#039;s been wonderful not having a period for a few months.  I&#039;d recommend this birth control to anyone.""",10,13-Dec-09,23
51480,Aczone,Acne,"""I am female in her early 30&#039;s - about 3 years ago I developed adult acne after years of relatively clear skin. Benzyol peroxide had been my miracle acne product but then I developed contact dermatitis and could no longer use it :( I honestly could not go more than a day without a new pimple developing despite using other prescription acne grade products, vitamin A as well as expensive spa treatments. I have been on Aczone about a month and have had instant results, I have not had a cystic pimple since. I still get blackheads and have milia on my chin/jawline but no pimples/whiteheads/cysts to speak of and have had no issues with dry skin. The product is pricey but I will save in the long run not wasting my money on others that don&#039;t work.""",8,21-Nov-16,7
62773,Nicoderm CQ,Smoking Cessation,"""I smoked for 32 years and tried different times and products to help me stop but always failed.  My doctor and I agreed for me to try the Nicoderm CQ patch and it&#039;s really helping me. I have no urges to smoke and am now on Day 8.  The only thing I found out is that I have red swollen itchy skin where the patches were worn. Need to talk to the doctor but office is closed on the weekends.  I&#039;m thinking I could be allergic to them but don&#039;t want to stop them because they are working for me""",8,8-Feb-14,50
221450,Dextromethorphan,Cough,"""Gave this high priced, 12 hour cough &quot;suppressant&quot; in the kiddie version, to my 6 year old. The only thing it suppressed, was his ability to sleep. Worse product I&#039;ve ever purchased for him.""",1,7-Sep-15,3
118141,Naltrexone,Opiate Dependence,"""I&#039;m Planning to be  put in 17 Days in residential treatment and follow it up with vivitrol injection.  I just worry because I hear that it&#039;s incredibly painful, but I an only really trying to get away from the subs... I&#039;m down to less than 6mg but I&#039;ve been IV&#039;ing them.  I still wouldn&#039;t think my bupe dose is high enough to worry about after 15 - 17 days... 
A friend did tell me that if you are clean enough to be eligible for it, it will make you feel like a million bucks! I&#039;m extremely hopeful, and was hoping for some insight and / or advice, but I believe this is an awesome chance to get my life back, even though I am afraid of the sword length rig they use to do it... 
I just hope it all goes as well as planned, or better... 
#VeryAnxiousNow""",6,16-Jul-17,14
133833,Restasis,Keratoconjunctivitis Sicca,"""I was prescribed Restasis by my ophthalmologist due to severe dry eye caused by Accutune. I was given a card that gave me a discount since I did not have private health insurance and used each vile over 2-3 days so that it became effectively very cheap for me to use. I had side effects at first, burning eyes and blurred vision. I was told it takes a minimum of 3 months to see any benefits so I kept using it. It worked almost too well, as my eyes started producing tears so much that my eyes would water all the time. I stopped using the product after 1 year, and my eyes have improved so much I no longer need to use it, although I still use regular over the counter eye drops (Systane Balance) once or twice a day as needed""",9,5-Oct-16,40
198581,Depo-Provera,Birth Control,"""Decreased my sex drive and physically in a lot more pain in my joints... It&#039;s good for women over 25 but under 25 is not the best""",6,13-Nov-17,1
179311,Olanzapine,Bipolar Disorde,"""I started 5mg of olanzapine last night. I have not slept or felt calm in a couple months. I have dealt with Bipolar 1 and ADHD for many years. I went to my Psychiatrist and was told that for my condition I should not be on things like Celexa that I was taking at 40mg at night. Those serotonin medications can hype me up especially at night. So the only other medicine I take is Inderal LA 120mg for tremors I have from a neurological condition since childhood. I slept great last night for the first time in a long time. I also feel much more at ease in gathering my thoughts and focus. I just hope it continues and I do my part in staying stable too.""",9,24-Oct-14,9
5637,Oxytrol,Overactive Bladde,"""Great product I have been on other drugs that gave me back side effects-rash, itching, dry mouth, constipation, headache, dizziness, back pain, etc. I urinate on average 20-40 times a day every approx 15-20 minutes, after using the patch I went as long as 2 hours without using restroom. my skin is irritated and red but better than spending my whole day in the bathroom. I cant believe my doctor didn&#039;t put me on this over the counter drug first before spending hundreds of dollars on prescription medications. I have suffered for over 30 yrs with the issue of urgency and frequency this is a miracle for me.  Praise the LORD""",9,3-Mar-16,60
36697,Fentanyl,Breakthrough Pain,"""I was essentially mis-prescribed Actiq when I should have been getting fentanyl patches for my cancer pain.  This caused problems with both bolus dosing (transient overdosage) and build-up of opioid tolerance with the Actiq that have not been nearly as great a problem with fentanyl patches.

Other patients may have different experiences; however for chronic cancer pain, the patches might be considered before use of Actiq.""",6,25-Apr-10,17
63453,Epiduo,Acne,"""My experience with this product is a lot different from everyone else&#039;s. I have never had a really really bad acne just a few spots here and there so when I went to see the dermatologist they prescribed me this gel to put on every night over my whole face. Firstly everything was going fine I didn&#039;t see a difference and then after a week my skin had cleared up and it look flawless. However one night when I put my cream on and then waking up on the next morning my skin was literally burnt and my forehead was covered in those little spots which was terrible and they looked even worse with make up on because it was extremely bumpy. I stopped using the gel and it when away but was really bad.""",3,12-Dec-15,1
227293,Etonogestrel,Birth Control,"""I absolutely love Nexplanon! Ladies, at first I was super hesitant but I had to get off the Trinessa birth control because it caused me too much bloating and I was miserable 3 weeks out of the month. I was so excited to get the implant but the reviews I read freaked me out. The process was super easy and fast. The most uncomfortable part was the numbing process (it stung a bit). I didn&#039;t feel the implant insertion at all. There was bruising for about a week and it itched quite a bit but it went away after a week once it was fairly healed. As far as side effects, I felt a bit moody for about 2 weeks and I had a headache for a few days when I first got the implant. I&#039;ve had ZERO bleeding and NO weight gain.""",9,29-Sep-13,8
130867,Levonorgestrel,Birth Control,"""I&#039;m 27 w/ two kids. After my second child was born in 2008 I suffered from almost daily tension/migraine headaches. I wanted to try Mirena as a solution to birth control and possibly help my headaches. After 4 months my headaches are slightly better but I have had some noticeable side effects; 10-15 lbs weight gain, increased discharge, longer periods, and cramping after sex or exercise. """,2,26-Jun-11,2
63687,Epiduo,Acne,"""Update:
My skin initially cleared up for the First week but then the next 2-3 weeks were horrible with a lot of breakouts!
For the first 3 weeks my skin was so red, painful, dry and peeling. Then all of a sudden everything went away...
My acne is minimal/almost completely gone after a little over a month and my skin feels so hydrated! Such a great product!""",10,3-Dec-13,34
157915,Accutane,Acne,"""When I was a 15 year old freshman in high school I broke out with severe acne. In literally one week my skin went from perfectly clear to large acne blotches on my cheeks, chin and neck that were painful to touch. After trying everything in the arsenal at the time (monocycline, benzaclIn, finacea, etc.) my dermatologist recommended Accutane. My only side effects were ridiculously chapped lips, dry skin on my face, and some joint pain. After a month and a half of treatment my acne was gone completely, and my skin clearer everyday thereafter. I was so depressed with the acne but this medicine changed my life for the better as I have never needed to use/take another acne medication following that 4 or 5 month treatment.""",9,11-Aug-10,9
8051,Xanax,Panic Disorde,"""2mg of xanax works perfectly for my panic attack when i feel one coming on i take one 2mg pill and it takes it away and i am no longer being run by my panic attack.""",10,23-Jul-08,41
186257,Desvenlafaxine,Depression,"""This medication is amazing! After 3 days of being extremely sick, I started to feel amazing, I am now 1 month into it and am so happy all the time and have no depressive thoughts at all. It kind of blocks out any sad thoughts. Works perfectly for me.""",10,10-Mar-13,101
165523,Levonorgestrel,Birth Control,"""Had the Liletta inserted in November. The process overall wasn&#039;t bad, but I also had numbing injections which helped so much with the pain. Just a couple cramps and it was over. Stopped having a period after three months, and the weird cramps I kept feeling stopped around 5 months. Everything was great until I noticed my clothes weren&#039;t fitting anymore. I&#039;ve gained 10 - 12 pounds despite months of a very clean diet, counting calories, and frequent exercise. I also started losing my hair a few weeks ago, and began sprouting chin hair that I didn&#039;t have before, which is making me feel very depressed. I am beyond frustrated and am having it removed in a few days.""",3,24-May-17,4
74924,Keppra,Seizures,"""It works very well""",9,6-Feb-09,11
156730,Dulaglutide,"Diabetes, Type 2","""I was recently referred to a endocrinologist and he started me on Trulicity and Jardiance. I&#039;ve tried to take Byetta in the past but had to stop because it made me very sick. I lost weight. But that was because I was throwing up all day. Effective weight loss method but I do NOT recommend it! 
I&#039;ve taken one dose of Trulicity and while I do have mild nausea it is not bad and I have switched from coffee to green tea in the morning. Really helps. That I would recommend. Sugar levels have not dropped significantly but they are dropping. Guess one week won&#039;t work wonders and I have to wait a bit. I don&#039;t know if it is the Trulicity or the Jardiance or the combo of both but I have managed to lose 7 pounds in 5 days.""",9,5-Nov-15,12
59033,Morphine,Chronic Pain,"""I have been a long term sufferer of chronic pain from Fibromyalgia, DDD, Scoliosis, Sciatica, Arthritis, Migraines and Chronic Fatigue Syndrome since 1992.,. After starting out with the over the counter meds, then moving to prescription Motrin, Day trip, Rendering, and numerous anti depressants, my doctor began prescribing Vicodin 5/500. At first they worked, but after 3months, nothing! So I went back to my doctor and told him. He then proceeded to put me on 7.5/750, again they worked for me no longer after 3 months. To make a long story short, I am now and have been on MS Contin, 60mg x two times a day and 100mg at bedtime. For my break-thru pain I am on Oxycodone 30mg x two. I&#039;m here to say that I have a life once again!""",5,8-Jun-16,54
61073,Urea,,"""Accurate information.""",10,2-Jul-11,13
91973,Lyrica,Neuropathic Pain,"""I was diagnosed with adult onset Diabetes last Dec. I started on
Metformin 750 and almost immediately my fasting glucose dropped
to 94. That is what it has been since but I have been bothered with
neuropathy for  months. I tried Lyrica for 3 months and it did
absolutely nothing for the pain. I am presently taking gabapentin
300 mg at bedtime and it helps slightly. The cost for the Lyrica
was money out the window.""",1,18-Jul-15,13
45238,Fluoxetine,Depression,"""My genius psychiatrist started me on this drug in the fall of 2008.  The first few weeks I felt even worse than before I had started taking the fluoxetine.  After many months on the drug I was eventually taking 400mg a day, and having manic thoughts &amp; episodes.  My psychiatrist decided I was bi-polar and then started me on seroquel (rather than give me a break for my nervous system to re-adjust to it&#039;s natural state), which I also ended up taking for about 6 months and at about the same dose.  In retrospect I wish I hadn&#039;t taken either fluoxetine(Prozac) or seroquel(Quetiapine).""",1,11-Jan-16,19
212641,Phenergan,Sedation,"""took one 25mg to help me sleep however the next day I felt awful like id been drugged just couldn&#039;t wake up this lasted all day.i wont be taking them again .my wife on the other hand takes them every night with no problems""",8,31-Jul-15,44
143971,Etonogestrel,Birth Control,"""The first 3 years I was on nexplanon I had no problems, except for when I first got it interested I bled for 6 months straight (very light). Then after that everything was fine. After the 3 years were up I decided to get another one inserted since I had no major problems with the first one. That&#039;s when it went downhill. I gained about 20 pounds, became anxious about everything, moods began to change, also had severe pain in my ovaries. I got an ultrasound to make sure there weren&#039;t any cysts and everything was normal but I continued to have severe pain. Finally, I decided to get it removed and everyting has been good so far no more pain, moods are better, and I&#039;ve lost weight.""",5,8-Aug-16,6
225257,Bupropion,Depression,"""I was really glad that I experienced none of the possible side effects. After four weeks I did notice my mood getting better, but after that some things happened in my life (my dog had surgery, a break-up, a hair experiment gone wrong) that I was not able to deal with and I got worse. I felt myself spiraling downward and my anxiety shot way up. It&#039;s month number two and I just switched to lexapro. Hope it helps.""",4,8-Oct-15,0
84639,Ethinyl estradiol / norgestimate,Birth Control,"""I wrote my expirence with this pill before, back when I started and it actually worked.

I&#039;ve been on it for 6 months now and let me tell you, i&#039;m already going to the doctor to switch. 
Sure, no babies. That part was effective.
But eventually, I ended up having cramps again (they had gone away when i first started) my acne flared up like nobody&#039;s buisness, my headaches are horrible and daily, and i&#039;ve been suffering from depression. I never have any motivation, i burst out crying for no reasons, and I get angry out of no where. This is very out of character for me. 
I&#039;m disapointed but hopefully I will find a better option.""",5,31-Aug-16,4
98258,Nexplanon,Birth Control,"""I&#039;ve had this implant for 7 months now, I&#039;ve had no problems except for real bad acne breakouts. I&#039;ve alway suffered from acne here and there but it&#039;s gotten bad after the implant. I have real bad breakouts all over my cheeks, and chin. At first I thought it was something I ate but I did some research and found out that this implant contains progesterone which can cause acne. I&#039;m planning to remove this implant. Look out for breakouts after implant,""",4,4-Jun-15,4
103475,Loestrin 21 1 / 20,Menstrual Disorders,"""I&#039;m 31 &amp; have used many birth control options, beginning with the patch @ 19 then going to the pill within the year. My MD RX&#039;d me the loestrin 1/20 a year ago. This past year proved the best for me as far as overall health: fewer skin breakouts, MUCH lighter &amp; shorter periods (i frequently donate blood and am not iron-defficient anemic), better sex drive (husband loves), and moodiness not as bad. I have gained 7lb of weight but cannot pinpoint it directly to this pill as I have chosen a less healthy lifestyle the past year. The only negative about this pill for me was I did not stay on a 28 day cycle and had breakthrough bleeding. Today, MD changed me to loestrin 1.5/30 for this reason.""",8,2-Aug-16,5
226866,Etonogestrel,Birth Control,"""I got this inserted 3 years ago, my arm hurt for one day with no bruising, and then I literally forgot about it for the remaining time. No periods ever, and never once pregnant. No weight gain. Most convenient form of birth control ever used, but it may just be the way my body has reacted. Got it reinserted for the next 3 years and got some bruising, but not too bad.""",9,26-Dec-14,104
146513,Tamsulosin,Benign Prostatic Hyperplasia,"""Been taking this medication for 6 years.  I have a good stream and it was prescribed by my doctor because I wasn&#039;t emptying my bladder fully due to a bladder that did not have the muscle tone that it once had.  It worked great for most of these years but due to my age, 85, I can&#039;t always make it to the bathroom fast enough to urinate.  I&#039;m going to stop taking it and see if there is a difference in reaching the bathroom before I have to let go of a full bladder.""",5,16-Sep-16,12
171741,Loratadine,Allergic Rhinitis,"""First of all I&#039;m not and never have been a smoker. Have COPD due to chronic bronchitis, I developed asthma after 40. I&#039;ve been taking this product for five yrs and the illness due to weather has decreased dramatically I had previously suffered from pneumonia due to worsening bronchitis at least twice a yr. I average once every three years now it is due to consistently taking this year round.""",10,5-May-14,21
14321,Cardura XL,Benign Prostatic Hyperplasia,"""Used Cardura XL on/off for several years now and more regularly recently. Wanted new prescription after moving to Europe, however doctor didn&#039;t now the product and recommended as alternative Tamsulosin (Pradif T) which did not provide any relieve with urinating especially at night (blocked). Switched back to my remaining Cardura XL and found equivalent product in Europe called Cardura CR. Just perfect flow, day and night! No side effects.""",10,31-Oct-13,55
126017,Viibryd,Major Depressive Disorde,"""I just want to say that after taking a lot of other anti-depressant meds, this is THE ONE! Besides only having 1 side-effect (diarrhea), that went away after 2 wks, it&#039;s really changed my life!!! i recommend this to anyone who has tried other meds that have not worked""",10,12-Jul-14,117
182370,Mirena,Birth Control,"""I am 29 and just had my second Mirena inserted a few days ago. It was painful, but the pain only lasts for around 30 seconds if it goes smoothly.  I have seizures, and have chosen Mirena because it does not interact with my medicines. Other forms of birth control have caused more seizures. I do not have this problem with Mirena. It has not affected my skin (although I currently use medication for acne I&#039;ve had for years).  I like it because after it&#039;s inserted, I can forget about it for a few years.  The only thing I&#039;ve found inconvenient, is having a partner be able to feel the strings.  BUT my gyno said most men are not even aware.  """,9,21-Jul-10,4
25704,Ethinyl estradiol / norelgestromin,Birth Control,"""This is absolutely the best birth control I have ever used. I switched from Nexplanon to Ortho Evra, and if you are thinking of doing the same, I highly recommend it.  Let me list the reasons why:
1. Weight loss. I have lost 5lbs in one month, without even trying!  I&#039;m back to the weight I was before I started birth control...but my breasts are still birth control sized.
2. Sex drive. Mine had been non-existent since I went on Nexplanon in September. Now, stronger than ever. That might be a downside though, now that I think about it.
3. Skin- no acne!
4. Predictable cycle. (On Nexplanon, I never knew when I was going to menstruate, which was about 90% of the time). Now, a non issue.
5. Don&#039;t have to remember everyday.""",10,29-Apr-14,115
115525,Propofol,Anesthesia,"""I&#039;ve received spinal injections because after a serious car accident I&#039;ve been left with severe pain and will do anything to relieve it. Anytime I get an injection, they give me propofol before the injection and I&#039;m knocked out within a few seconds and then awake a few minutes after the procedure. After about 15 minutes I&#039;m ready to get up and leave and am able to walk and function normally with absolutely no hangover or side effects.""",10,27-Jan-11,6
230728,Camphor / menthol,Pain,"""Had open heart surgery and double mastectomy in a span of 2 years. Very painful nerve pain most of the time. Bio- Freeze (Roll- On) Definitely works for the pain. Unfortunately it has literally burned my chest. Don&#039;t want anyone to go through this.Thank you, Be well everyone.""",1,25-Aug-17,0
202726,Hydroxychloroquine,Undifferentiated Connective Tissue Disease,"""My rheumatologist put me on Plaquenil for UCTD.  Two days later I started having migraines, fits of crying, anxiety attacks, irritable, very depressed, and feeling almost convulsive.  When the doctor took me off the medicines, I slept for 15 hours, just getting up to have dinner and going back to bed.  This medicine is NOT for me.""",1,12-May-11,57
116064,Lorcaserin,Obesity,"""OMG !!!  I SWEAR I&#039;M NOT A PAID PERSON !!!!
I&#039;ve got a bad back and in the past I&#039;ve used this and that with no success after spending all that money.  
 I&#039;m 288 pounds.  I eat NO JUNK FOOD, NO FAST FOOD, NO BREAD,
RICE&#039;S, PASTA&#039;S ! All I do is juicing fruits n veges and take belviq. I lost nearly 10 lbs in a week!!!""",10,27-Jul-15,46
26916,Insulin degludec,"Diabetes, Type 1","""My Endo insisted I switch from lantus to tresiba.  I was quite stable on lantus and humalog for over 15 years but she said it was better.  I&#039;ve been a diabetic for almost 30 years and so I was very hesitant to switch.  I should have listened to myself.  The first 3 weeks were okay but not better.  Then I started feeling breathless and fatigued.  It took me awhile​ to realize it was the tresiba.  I switched back to lantus a week ago and I am already feeling better.  No more breathlessness or fatigue.  My blood sugars were worse on tresiba so it will take a bit to straighten out my a1c.  I really should have listened to my gut.  Just because it&#039;s new doesn&#039;t mean it&#039;s better.""",1,1-May-17,12
94168,Trintellix,Depression,"""This drug causes persistent nausea in some users as per their website. For most people it goes away after a few weeks--but not all. Initially I was also itchy and a little weepy (went away after 2 weeks). If you have a history of being unusually nausea prone (ie pregnancy) in my experience you may wind up in the persistent nausea group. I will have to switch as I don&#039;t want to be chained to zofran. Otherwise, worked fine as an alternative to paxil. Fewer side effects--unfortunately the one side effect it did cause is pretty debilitating in my case!""",5,3-Nov-15,28
209696,Lupron Depot,Endometriosis,"""I&#039;ve only had one dose of Lupron; before going on it I did my research. One side effect is HORRIBLE insomnia (which I have). I know not every single change in my body can be blamed on the Lupron. I have Endometriosis and the Lupron basically puts you in a state of menopause. Headaches, insomnia, sweats, mood swings were very bad the first couple of weeks; now my stomach hurts! So I think I can pick and choose what the medicine is responsible for and the state of chemical menopause is doing to me.""",6,14-Apr-16,8
130582,Levonorgestrel,Birth Control,"""I am 25 yrs old, no kids and have never been pregnant. After almost 10 years of being on the pill, my doctor and I decided it was time for some thing different. Insertion was very painful, the first one we were trying was faulty so I had to purchase another one right after to be placed. It was extremely uncomfortable, even after being advised to take 800mg of Motrin! I had my boyfriend bring me to and from the doctor, which I would recommend. After I got home I placed a heating pad on my lower abdomen and slept for about 2 hrs! After I woke up I felt like a completely different person! I had no aches or pains, back to normal! I would highly recommend this to any woman, there&#039;s no more remembering! I love it!""",10,7-May-12,1
40586,Zanaflex,Muscle Spasm,"""I have been taking Zanaflex for about a year now and it has been wonderful for me.  I have Ankylosing spondylitis and fibromyalgia.  I have a very hard time sleeping at night but Zanaflex helps me sleep and keeps down the muscle pain.""",10,2-Mar-09,74
31040,Miconazole,Vaginal Yeast Infection,"""Agree with the majority of reviews. Itching/burning is so much worse after immediate application. Side effects not accurately stated. Waste of money. Will never use again.""",1,31-Jan-17,6
218736,Opana ER,Pain,"""This medicine did nothing at all for my pain. Glad it works for some, but it didn&#039;t for me!""",2,1-Aug-09,12
51586,Aczone,Acne,"""Hi, I&#039;ve been using this product over 3years and I&#039;m completely satisfied. My skin in super dry and It&#039;s really really working for me. While I&#039;m using this, my face is clear. I&#039;ve tried everything but nothing worked except ACZONE!!! 
It&#039;s expensive but totally worth it, give it a try.""",10,8-Jun-16,6
67465,Provera,Abnormal Uterine Bleeding,"""I was having severe bleeding with large clots which lasted for 3 weeks. Finally saw the Doctor and he gave me 10mg for 10 days. This is day 9. I stopped bleeding 2 days ago. I love this medicine, really. I&#039;m hungry more often, but that&#039;s okay. Unsure what will happen when I stop taking it.""",10,5-Mar-11,111
229692,Lurasidone,Bipolar Disorde,"""I&#039;ve been taking Latuda 40mg once a day in the evening  for 1 month for BiPolar.  I had been on various meds throughout my life for depression started when I had postpartum with both my children.  I am 45 now and my children are 17/14. I was on was Lexapro for depressrion for quite sometime that seems to run its course with me. Oh was diagnosed with MS in 1992 so add that piece to the puzzel.As far as Latuda,  I have mixed feelings. It seems to help me with focus and cognitive deficiencies, which I could be MS related.  Depression is there but not as it was, but I still cry and at times stay in my head too long.  I seem to be more agitated with my children.  Ativan helps with Anxiety when needed. I will be seeing my psych tomorrow to discuss.""",7,27-Jun-13,36
164952,Phentermine / topiramate,Weight Loss,"""I have been on the Qysmia for 3 weeks now.  I wanted  to wait a few weeks  to give a review. I have a very slow metabolism so I  did not lose as much as some in the first two weeks  upon taking.  My weight started at 198.  I am down to 193. So I  have lost  5 lbs in 3 weeks.  But that  is with  out cardio.  My  appetite  is suppressed.  Dry mouth.  So drink a lot of water. Tingling almost numbness in my feet at times but it goes away shortly after. The  medication  if not covered  or with the free trial  is expensive.  So be prepared.  I guess it  is cheaper  than weight loss surgery.  But it&#039;s no magic pill neither.  Like any other pill  you must eat right and exercise. To lose the weight.  Well that&#039;s  my take anyway.""",8,25-Dec-15,38
122860,Linaclotide,"Constipation, Chronic","""I been on it for two months. Started with the 145mg worked right of. Then the body got used to it didn&#039;t go for 2 weeks. Now on 290mg. For 2 weeks. Alright at times. But give time too see how does. The only next step I can see is surgery. But gastrointestinal doctor says no surgery too fix. 30 years off constipation. What more can I take. Only 39. Now have other medical problem from straining do much over the years.""",6,25-Jan-14,49
230126,Diflucan,Vaginal Yeast Infection,"""So much better than the creams.""",10,1-Mar-09,55
133558,Ibrance,"Breast Cancer, Metastatic","""I was prompted to write this after reading some of the negative reviews. God how I wish this would work for everyone. I have only been on it for around 7 months but my first scan was promising (I have bone metastasis and there were no new spots and previous lesions appeared smaller). I go for my next scan in a few weeks. I&#039;m so fortunate in that I&#039;ve had no side effects. Your neutrophils will dip and yes, I&#039;m tired at times but what else is new. I know that some are experiencing terrible side effects but I wanted to chime in and say that not everyone experiences them. I do take spirulina pills and they seem to help get my neutrophils where they should be (above 1.0). If you are a candidate for ibrance, count yourself lucky and try it!""",9,23-Nov-16,48
82188,Liraglutide,"Diabetes, Type 2","""have only been on victorza for a few days.  I had bad nausea and migranes then it changed to no energy at all .  I sleep till noon one day and I have 2 young kids and a full time job.  Searching for a better answer""",5,28-Jan-16,18
37843,Reclipsen,Birth Control,"""Been on Reclipsen for a few months now. Pros- lighter periods, no stomach cramps, no acne, no babies. Cons- mood swings, TERRIBLE back pain during period, lower sex drive, no weight gain (if already active).""",6,24-May-16,3
224842,Bupropion,Depression,"""F/26, Wellbutrin SR 100mg twice a day &amp; I feel so much better. I&#039;ve tried many different SS/SNRIs over the past 12 years &amp; they all made me have extreme suicidal thoughts. I had kind of given up hope on finding something that worked for me, but then a new psychiatrist recommended trying Wellbutrin. The first week or so was rough, I had blurry vision, shakes, &amp; extreme light sensitivity. Those negative side effects went away after 3 weeks. I&#039;m 3 months in &amp; my mood has significantly increased, which is just amazing because my depression worsens significantly in the winter. I feel optimistic for the future, my sex drive is better, I have more energy &amp; am more focused (I have fibromyalgia as well so this is huge for me), and I&#039;ve quit smoking!""",10,2-Jan-17,14
32516,Lisinopril,High Blood Pressure,"""I&#039;m a 27 year old white male in good shape but have always had high blood pressure...I&#039;m guessing genetic. My blood pressure would run anywhere from 130-160 over 85-105. The doctor tried a diuretic which did nothing, and then a beta blocker which had horrible side effects. They finally tried 10mg of lisinopril and wow how great! It almost immediately brought my blood pressure to 118/80&#039;s. I actually cut my dose to 2.5 mg in the morning and 2.5 mg at lunch and my blood pressure stays perfect all day and night. I have had no side effects whatsoever and wouldn&#039;t even know I was taking any medication if it weren&#039;t for my lowered blood pressure. Highly recommend!""",10,9-Dec-11,55
44150,Ethinyl estradiol / norgestimate,Birth Control,"""I don&#039;t think I noticed this at first or even realized the pill was the cause, but this pill gave me terrible headaches for 3-4 days during my period.  I am hungry and moody before my period. The period is very light, which is a plus, but I can&#039;t stand the headaches.  It feels like I have a sinus infection and taking Advil non stop doesn&#039;t help.  It&#039;s not worth it.  I would LOVE to have cramps instead of headaches.""",3,3-Dec-11,2
32822,Empagliflozin,"Diabetes, Type 2","""I have been taking Jardiance for just over a year - I have NOT experienced any side effects whatsoever - MORE importantly this drug has reduced my blood sugar levels to an average of 5 and has maintained this level, quite incredible as nothing else has worked previously - I have named Jardiance as the &quot;diabetic wonder drug&quot; although my Doctor keeps reminding me there is no such thing as a wonder drug - I disagree this is MY wonder drug - thank you Jardiance you have changed my life completely astonishing result.""",10,6-Jan-17,47
87410,Naproxen,Period Pain,"""I take all types of pain meds but Naproxen doesn&#039;t last an hour before my cramps come back. I just took one and it made my cramps worse and I&#039;m like forget naproxen. One pill doesn&#039;t do jack.""",3,3-Sep-17,1
118552,Amoxicillin / clarithromycin / lansoprazole,Helicobacter Pylori Infection,"""I had severe vomiting and diarhoea for 3 days caused by clarythromycin. After being treated for dehydration at the hospital, clarythormycin was replaced with doxycycline, and I have no problems since.""",2,18-Feb-17,4
149508,Mirena,Birth Control,"""I love my Mirena. I&#039;m due in February to take it out because my 5 years are up. It did not bother me at all to get it inserted. It was pretty easy, I had minor cramps after. I got it because I had gotten pregnant at 16 and had my daughter at 17. I got it because I knew my boyfriend and I were not ready for another child. On top of that from the moment I got my period it was hell. I got my period a month after insertion and ever since then it&#039;s been a smooth ride. I haven&#039;t had a period since and definitely have not gotten pregnant again. I guess its true when they say everybody takes differently to it. So come February I plan on getting it again for another 5 years. I&#039;m one happy customer.""",10,14-Jan-13,16
198022,Metoprolol,Atrial Fibrillation,"""I had my first atrial fibrillation crisis 3 moths ago. They cardioverted me, the doctor put me on metoprolol succinate ER 25mg for the first month and now I&#039;m on on metoprolol tartrate 25mg. """,10,24-Nov-11,30
54286,Naloxegol,"Constipation, Drug Induced","""I am on opoids for chronic back pain. Used Miralax and Metamucil but was bowel movements irregular and felt like I was emptying out was backing up. Tried 25mg on empty stomach at 3pm yesterday for first time. Started having cramps. Called my doc and added a suppository. Twenty minutes later had massive BM over 30 minutes. None after that. This morning, woke up in withdrawal, cold, nausea, abdominal cramps, horrible pain and feeling lousy. Odd as my last pain med dose was six hours before, and I do not get withdrawals that quickly. My morning pain meds fixed withdrawals but was still in significant pain until 1pm after second pain med dose at 12. Seems to decrease pain reducing effects of opiods.""",3,24-Sep-15,44
147353,Alprazolam,Anxiety,"""Changed my life completely, I can actually function in social settings.""",10,28-Oct-11,4
124114,Skyla,Birth Control,"""Got skyla inserted about a month ago a few days after my last period. The insertion was uncomfortable but not bad at all. Had severe cramps the first week after insertion but it was managed by ibuprofen. I&#039;ve been spotting since inserted but had one week without. Started my period last week and it&#039;s just been light, almost like spotting (very very annoying). I usually have a 5/6 day period but I&#039;m now going into day 8. Hoping the spotting stops soon so I can stop wearing pads. Good luck to all who try this!""",6,25-May-16,1
40776,Leuprolide,Uterine Fibroids,"""Received 3-month shot two weeks ago to stop heavy menstrual bleeding in preparation for a hysterectomy next month. My period started and the bleeding is just as extreme as usual. No relief in blood or pain with this drug. Have experience hot flashes (minor), headaches (minor), night sweats, nausea (moderate), and have pain in upper right back area. Will be seeing doctor later this week to get checked on. I know it&#039;s early in the process, but I&#039;m disappointed. I took it knowing about the side effects, but was willing to go along with them to get my bleeding under control and to build up my iron stores.""",1,4-May-16,16
67383,Provera,4</span> users found this comment helpful.,"""I&#039;m 24 years old and have always had a pretty regular period. I missed a period last month and immediately went to the dr to make sure everything was okay. He confirmed it was probably stress due to the numerous issues I listed and prescribed provera 10mg once a day for 10 days. He said this would make me have a period after the 10 days so that my next period wouldn&#039;t be so bad. Day 1 didn&#039;t sleep for 27 hours. Day 2 I got extremely weak but couldn&#039;t sleep at all and the cramps started rapidly. Day 3 I&#039;m in tears from all the pain and pressure in my lower stomach and back. Day 4 I can&#039;t get up from heating pad no appetite face is broken out in red blotches I&#039;m bloated and feel huge and my mood is terrible. I will not take another pill. Ever""",1,27-Mar-16,4
26839,Ulipristal,Emergency Contraception,"""This pill works!
I decided to share my experience with you because when I had unprotected sex I was searching like crazy to find out a solution.
Firstly, I had unprotectes sex august 20th, and the next day I swear, I was extremely anxious and nervous, I was about to die.. I took Ella 30 hours after, and after some days I decided that what I could do, is wait... so I stoped worrying and became comfortable, and I was waiting for my period.. finally it came a week late.
So, because I know the struggle, DO NOT PANIC, this pill is very very effective because you dont get pregrant immidietly.. but remember to always have PROTECTED sex...in case you dont ..there&#039;s ella xx""",10,8-Sep-16,10
80070,Benzonatate,Cough,"""I was prescribed benzonatate today for the third time in the last few years. I have a wicked sinus infection and hacking cough. Every time I have been prescribed benzonatate, I have had a good attitude, &quot;Maybe this time it will work.&quot; Every time I have used it, I have felt like I was given a placebo by mistake. No side effects at all, but it has never worked for me. Not working today either.  Still hacking.""",1,14-Feb-17,11
109272,Nexplanon,Birth Control,"""Brief review due to character limit:
Inserted: Feb 2014
Removed: Feb 2017

Insertion: After numbed it&#039;s painless.
Week after: great arm pain for 1 week.

Year one: constant light bleeding (pantyliner) all year long. 

Year two: Sporadic light periods lasting 1-1.5 months, then 2-3 week time of no period.

Year three: Sporadic heavy-moderate periods lasting 3 weeks avg, then 2-3 weeks of no period.

End of year 3 (last 4 months): Prescribed pill BC on top of Nexplanon-&gt;regulated my periods:
3 weeks w/pill hormone = no period. 
1 week no hormone = period.
Bad acne b/c so much hormone

TL/DR (Too long/Didn&#039;t read)
VERY sporadic/long lasting periods
When not on period BC worked as intended
Not removed earlier b/c didn&#039;t have insurance 
Removed and switched to pill BC""",4,10-Feb-17,3
150460,Sulfamethoxazole / trimethoprim,Kidney Infections,"""I had a UTI that went into a kidney infection, They put me on Bactrim, Didn&#039;t notice any side effects until a few days later, I started feeling depressed out of no where and it got worse from there, I ended up in the hospital with the worst headache of my life, I was shaking and throwing up I didn&#039;t even think it had anything to do with the Bactrim. The depression got so bad I ended up at the  psychiatric hospital, I had no idea why I was feeling like this, it was by far the worst feeling in the world, When I came home and went to see my therapist and told her what was going on she  immediately asked me what medicine they put me on and when I told her she said look up the side effects to that and sure enough everything was listed.""",5,8-Mar-17,8
126666,Eletriptan,Migraine,"""The only migraine medicine that has ever worked on me.  Now my insurance company will not cover it. Guess I will have to pay for it.  It works that good!""",10,12-Nov-13,8
126485,Brimonidine,Rosacea,"""Stay away from this medication. The 1st day used, I was impressed, but 2 days later I had a rebound and my face was burning like hell. I waited like 4 days to re-apply and see what happens, but I lost sensation on my lips and they got swollen. Then, after 24 hours the rebound got worse and was like two weeks after my skin stopped burning. I still don&#039;t understand how this product was approved by the FDA.""",1,27-Jun-16,21
140891,Escitalopram,Generalized Anxiety Disorde,"""The time I been on lexapro I had mild side effects like yawning and insomnia really bad to the point I am only sleeping five hours or so...I can say it calms you but I haven&#039;t got the full effect of getting back to my old self again...""",7,27-Apr-16,13
174752,Dulera,Asthma,"""Dulera works pretty well, do not need to use my rescue inhaler as often, but the one main downside is that it continuously causes me to have sinuitis which then causes a migraine.  I have always had bad problems with my sinuses, so am definately reconsidering continuing using this product.""",5,24-Oct-13,31
197894,Metoprolol,High Blood Pressure,"""I have been on metoprolol er 12.5mg since September 20th. The first month was great then on October 21st my resting heart rate went from 61 to 70 and when I walk it suddenly goes to 140 for no reason. I work out 6 days a week and it doesn&#039;t make any sence to me. Going back to my doctor tomorrow to figure it out. I just don&#039;t see why all of a sudden it would make things 10x worse. I didn&#039;t take it today to see if it would help. I was able to exersice without my heart rate sky rocketing to ridiculous numbers. This is the first medication like this I have ever taken. Plus the weight gain is ridiculous. I lost 15 lbs before starting this medication and less then 2 months I gained it all back.""",2,3-Nov-16,19
188158,Prempro,Postmenopausal Symptoms,"""I have been on this medication for 37 days.  My day and night sweats are no longer severe. I only toss my comforter once a night as opposed to many times.  My day sweats are no longer embarrassing, e.g. while talking with coworkers, I would without warning began to get warm, hot, and then dripping in sweat to include my hair.  My mood swings are gone, I am back to normal.  LOVING IT.""",8,20-Aug-12,80
10752,Gemfibrozil,High Cholesterol,"""I should be in a medical Journal compared to some of the other triglyceride levels I read on here...I had a staggering 8000 triglyceride level and my pancreas was inflamed and and my A1C was 12...I spent 11 days in the hospital and a month later my triglycerides are at 80 my estimated A1C level is 5.6 ...I have been off insulin for 4 weeks and I did that 2 weeks after I got out of the hospital. Gemfibrozil did the job but like the insulin im taking my self off Gemfibrozil because there are way to many side effects and I&#039;m experiencing dizziness pretty much all day. A proper diet and excercise has helped me conquer these medical conditions. Hopefully everyone on here can do the same.""",9,7-Mar-15,18
218840,Depakote,Bipolar Disorde,"""I started depakote 3,000mg straight off when I was 15 years old  I have since been taken off from it and still paying the price for it. It made me hungry constantly i gained a total of 50 pounds in 7 months I had no energy at all and no feelings no happy thoughts no sad thoughts I was literally a zombie and now I&#039;m still seeing new doctors and switching meds all the time and I&#039;ve had enough nothing is working and no one can help me I really need help and can&#039;t find it anywhere""",1,4-Oct-16,35
119356,Testosterone,"Hypogonadism, Male","""When i first started using axiron, it burned for a few minutes. I was afriad this would be the rest of my life. Nope! Two weeks later the burning stopped. I have tried testim, androgel and hated the messy applications, and feared spreading it on my nieces. This goes under my arm and I love it! It is worth the extra 30 dollars from my insurance. I do recommend!""",10,25-Feb-15,15
209413,Zomig,Migraine,"""Zomig gets rid of my migraine but it knocks me out. I take one dose and then sleep for 3 hours. Afterward the headache is gone but my joints ache and my muscles are very tender to the touch.""",7,26-Mar-14,21
37533,Vyvanse,ADHD,"""Today was my first day taking Vyvanse and wow! I usually have a sad down feeling and don&#039;t want to talk to anyone. I am a 26 year old college student. But today I actually made two new friends from class and went to lunch with them. I feel like I can walk in a room with confidence now. The only bad thing is I did have a mild headache around 9 pm. After it wore off and it only lasted around 8 hours with a dry mouth I am on the 60 mg dose. The other great thing is I actually felt like being in class today and took 7 pages of notes and sat in the very front of the class and wasn&#039;t afraid to ask questions! I&#039;m happy to have found Vyvanse and paying attention is so much easier now. Highly recommended for people with ADD.""",9,31-Aug-11,11
68799,Medroxyprogesterone,Abnormal Uterine Bleeding,"""I got my 1st depo injection in the middle of June.  I started bleeding in the middle of July and didn&#039;t stop until the one week after my 2nd injection.  One week prior to the date my 2nd injection was due I started bleeding like a period.  My bleeding has stopped for the most part.  I get a little bit of traces here and there but nothing too noticeable.  The two months of bleeding was worth it to make this monthly delight end.""",8,26-Sep-16,6
214514,Tioconazole,Vaginal Yeast Infection,"""This product is very good. I have problems with yeast due to periods and eating starchy products. This products works rapidly. I recommend this product 100%.""",10,6-Dec-09,25
180783,Solodyn,Acne,"""I began seeing positive results from Solodyn after just a few weeks. I get an occasional zit, but nothing like what I had just a few shorts months ago. Would definitely recommend!""",8,20-Jun-12,12
70026,Efavirenz / emtricitabine / tenofovir,HIV Infection,"""Week 4 and only feel a little confused in the mornings as a side effect, it&#039;s working fantastic for me""",10,26-Feb-16,3
58467,Jolivette,Birth Control,"""I started taking Jolivette 5 months ago. First, to all you breastfeeding moms out there, I have had NO decrease in milk supply. And that from a woman who had to supplement with first 2 babies within their first 3 months because of low supply and low weight gain. My 3rd baby is now 5 1/2 months old and still exclusively breastfed and gaining weight beautifully. So it doesn&#039;t always affect milk supply.  I&#039;ve taken different BC pills before and always suffered severe anxiety and depression just before starting my period. I was worried about starting another pill but haven&#039;t had any problems yet. My first month on these pills I had a heavy period, but haven&#039;t had another one since. I&#039;m pretty happy with these pills""",8,3-Nov-17,1
97654,Methimazole,Hyperthyroidism,"""My 6yr old daughter and I have been dealing with this medication for 2yrs now and now that she is off of it and getting ready for the surgery she has been wetting the bed at night and also getting bloody noses is this normal for this medication? I am at a lost here I need to help my baby but idk how doctors are saying that they don&#039;t think it&#039;s from this medication but I really think it is""",4,11-Jul-16,3
109444,Nexplanon,Birth Control,"""I have had my Nexplanon implant in since early 2014. I rarely ever experienced spotting, maybe 2 or 3 times this whole time. Never had a period or pregnancy scare. I am due to have it removed early next year since that will be the 3 year mark.  

As of last week I started noticing brown &quot;old blood&quot; after intercourse, not much. By this point I have noticed more blood during intercourse which is off putting at that moment.  
I&#039;ll be scheduling an appointment with my doctor soon.""",7,17-Dec-16,6
161327,Ortho Tri-Cyclen,Birth Control,"""I am 25 years old and have been taking this for over 2 years now. 2 years ago I was 145 lbs and now I am 165 and miserable. My husband and I have been dieting and exercising for the past year and half and I have only gained weight, never lost. I finally went to my doctor with the following symptoms: tired all the time even with 10 hours of sleep, mood swing (which effect my relationship), depression, sadness (for no reason), crying out of no where, weight gain and inability to loose weight, bad skin. All of those symptoms are also what people with Thyroid issues have. Well I get my thyroid tested this past week and its normal. I read these reviews and bam! I am getting off this immediately and I am really upset I did not read these sooner.""",1,18-Feb-16,13
80410,Aleve,Back Pain,"""I love Aleve! It makes all my lower back pain disappear, I feel like a new person.""",10,12-Aug-10,41
53708,Tylenol with Codeine #3,Cough,"""Tylenol with codeine #3 does not work for my cough due to bronchitis. I took the meds as prescribed for two weeks. Never worked.""",1,23-Feb-15,16
45291,Fluoxetine,Depression,"""After being suicidal for many months and self harming in addition to extreme anxiety. I had taken Prozac  6 years earlier and didn&#039;t work at all has NOW almost eliminated my depression. I feel happier than I have in years. The only downside is I have gained about 20 lbs. My lowest weight was 133, considered healthy for someone 5&#039;7 and athletic, but despite my clean eating and exercise I&#039;ve blown up to 163 lbs in 2 years and nothing seems to get the weight off. This has been my only negative side effect. I choose my mental health over my body image although I also have an eating disorder BDD.""",8,1-Feb-16,5
178948,Victoza,"Diabetes, Type 2","""I&#039;ve been on Victoza for 13 days and have lost 8lbs. I&#039;ve also been following a low carb diet maintaining 50g of carbs on a daily basis. I&#039;ve also worked out only mildly at 2-3 times a week so far.  Feeling great, lots of energy.  Only side effects were nausea the first 2 days and some mild constipation.""",10,29-Nov-10,6
215167,Lubiprostone,Irritable Bowel Syndrome,"""This drug had no effect on me except for a very strange taste in my mouth. I stopped taking this after 3 weeks. I was on a low dose. Will go to specialist soon to discuss.""",1,21-Feb-16,9
25745,Ethinyl estradiol / norelgestromin,Birth Control,"""The first day I used it, I felt terribly sick, the following days I didnt even notice I was wearing the patch. I&#039;ve been using it fow two years now, it&#039;s just wonderful.""",10,11-Mar-15,8
16048,Ethinyl estradiol / norethindrone,Birth Control,"""This birthcontrol is terrible! I am 28 years old was given this since I was diagnosed with PCOS. I took it for 3 weeks and stopped. The 2nd week I was bleeding, bad cramping, and clotting as well...I just assumed it was my body getting used to it after that I got bad bloating to the point that my bladder had pressure on it and I felt the full urgency feeling but did not have a UTI! I had horrible depression and anxiety as well ( i am not a anxious or depressed person) It drove me NUTS!!!!!!!  I stopped taking it and it took 4 days to get out my system and have me feel back to normal! I have some zits now from it as well but that&#039;s better than all that other crazy stuff...""",1,6-Jun-16,4
5477,Sovaldi,Hepatitis C,"""My father has started the treatment 2 months ago, and the virus in your blood lowed. However, the sides effects has being terrible. My father feel worse now than before the treatment. He has cognitives problems now, problems to speak, he lost interest in everything. We did a magnetic ressonation in your brain and they found a tumor probably linked to the medicine. My father is transplanted, now we are trying to figure out this, because he cant do the treatment to solve the tumor.""",1,10-Aug-16,4
232066,Trazodone,Depression,"""It has worked so far for me and I would recommend it to anyone suffering with depression.""",7,25-Jul-08,99
39880,Contrave,Obesity,"""I have only been on this med for two and a half weeks and have already lost eight pounds!  Before I started taking Contrave, losing weight was an impossibility.  I am on meds that make me gain weight and I tend to binge eat.  I am now making healthy choices and my portions are half of what they used to be and I feel full.  Sometimes I notice a bad side effect. But the overall effect of this medication has been great!  I have less depression and more motivation.  Even my light workouts are better.  I feel so pumped to see what the course of treatment brings!  Losing weight for me is priceless.  I have fatty liver disease, high blood pressure and a back injury.  All would be a lot better if I lost weight.  So far so good!""",8,6-Sep-15,29
205953,Pristiq,Depression,"""This will be my third week on Pristiq 50mg and so far I&#039;m feeling quite positive and free of depressive feelings, however that&#039;s only if I get a good night&#039;s sleep. I have tried one Temazapam which works well but after the third day the build up in my system makes me feel very fatigued. """,6,5-Dec-09,13
5499,Temozolomide,Anaplastic Oligodendroglioma,"""It saved my life--what can I say?""",10,1-Jun-11,19
25634,Nabumetone,Rheumatoid Arthritis,"""Like Celebrex and Vioxx, this caused blood pressure spurts, along with dizziness, weakness, and other side effects. Too dangerous for me to take because of how high it would send my blood pressure within an hour or so of taking it.""",4,31-Aug-12,31
167487,Levonorgestrel,Emergency Contraception,"""Let me just tell you, to those reading these reviews, it&#039;s not worth the stress. To sum it up, my bf and I had unprotected sex on Feb 15 but he pulled out and since I forgot bout precum (he claims he doesn&#039;t have any) I needed to take the precaution, taking Plan B. He bought the pill and I took it approx 22 hrs after. I had little to no symptoms, first day I had little fatigue and my appetite increased. After so much research, turns out, if you&#039;re that 5% of which it doesn&#039;t work on its either because you took it too late or have already taken it before so your body is regulating the pill (that&#039;s from what I read) I&#039;m a senior in high school and have a lot of plans for my future. My period came today so being a mother is not on the list!!!""",9,26-Feb-16,11
107325,Implanon,Birth Control,"""I&#039;ve had Implanon for a little over a year and nothing but problems and heavy bleeding CONSTANTLY, since the 3rd week it was inserted. Maybe like 20 days all together have been off! But I will say one nice thing about it is, that you don&#039;t have to remember it each day or ever have to worry about changing it. """,1,13-Dec-11,0
171980,Meloxicam,Osteoarthritis,"""I have been using Mobic to relieve the pain from my Spinal Fusion I had in March/2001. I was previously on Bextra that was discontinued. I find this medication to work just as good as Bextra did.""",10,25-Sep-09,26
5706,Cevimeline,Sjogren's Syndrome,"""I also have taken Evoxac for years. I first asked my opthomologist to prescribe pilocarpine.  He would not, telling me to see an ENT physcian for this, as he felt there were to many side effects for this type of drug.  
I did get a Rx for the pilocarpine and then switched to Evoxac.  At first I could not perceive a benefit of this drug, but now I can tell when my dose (every eight hours) has worn off.
Also, I do not think that I have suffered any side effects from this drug.""",8,15-Jun-17,2
214628,Escitalopram,Generalized Anxiety Disorde,"""This drug is pretty great for depression, however I am on it for serious anxiety and it has only exacerbated it for me. I feel agitated a lot and have insatiable hunger that has caused me to gain a few pounds. There have also been some sexual side effects that have made sex a little more of a challenge.""",5,14-Aug-17,7
182297,ProAir RespiClick,"Asthma, acute","""I called
The pharmacy today, because this thing doesn&#039;t work. I had a asthma attack and had to use my breathing machine. It needs to be recalled.""",1,4-Apr-17,8
74152,Ethinyl estradiol / norethindrone,Birth Control,"""No side effects, very light periods. On my 3rd month, and no weight gain. Had a bit of a long period the first month, but since then, it&#039;s been perfect. The only gripe I have is that because it&#039;s so new, it&#039;s crazy expensive. $45 a month even with health insurance.""",9,17-May-11,100
50428,Gabapentin,Hot Flashes,"""I was prescribed gabapentin two years ago to help with night sweats, coincidentally I noticed that having always had mild to moderate anxiety I was much calmer and only became anxious as a result of a problem or crisis. recently I had an illness with nausea and loss of appetite, so stopped all my medications for 2 weeks. My anxiety went through the roof with panic attacks almost constantly, I have since found stopping Gabapentin abruptly is a no no, I took one 300mg last night and feel like my old self already, having had a nights sleep, after 2 weeks of insomnia. I think Gabapentin works extremely well, and I have no side effects. I hope my Dr doesn&#039;t ever want me to stop taking them, but if he does I now know it has to be a gradual process.""",8,2-Jan-13,97
136220,Relpax,Migraine,"""This is the best migraine medication for me.  I feel these are very different for each individual.  But this has been the most successful at completely aborting my migraines most of the time. With other types I have had to take a repeat dose to get the results needed to continue a normal day.""",10,23-Sep-09,6
195947,Levomilnacipran,Depression,"""I have had severe depression since my teens and have been on antidepressants for many years. Fortunately I have had beneficial effects from several over the years.  The most effective treatment to date has been a combination of Wellbutrin and Cymbalta. I took that combination for ten+ years and unfortunately I recently started slipping downward, increased depression and feeling out of control.  I  was prescribed Fetzima (transitioned off Cymbalta) and completed the starter pack with the only benefit being increased energy. My Dr then increased the doseage to 80mg and have been at 80mg for two + weeks.  I have never felt (for lack of a better word) so crazy in my life! I have been so irretiable, angry, depressed and unreasonable and feeling""",1,8-Jul-15,41
81588,Yaz,3</span> users found this comment helpful.,"""I took Yaz for a little over 2 years.  From around the age of 16 to 18.  I gained a little bit of weight, not much but EXTREMELY hard to lose.  Also, I experienced mood swings frequently.  Sometimes getting extremely upset and feeling the need to cry.  But the reason I stopped taking Yaz was because I started to get EXTREMELY BAD migraines/headaches.  These headaches would come VERY frequently.  I would say averaging around 2-5 days a week.  MIgraines run in my family but funny thing is I never experienced them before the pill.  Also, nothing would help these headaches.  I took everything from Tylenol to Excedrin Migraine.  Nothing helped.  Hoped this helped! good luck!""",3,1-Jun-10,3
207231,Valtrex,"Herpes Simplex, Suppression","""I found out I had genital hsv 1 about a month ago. I have never seen a sore or bump of any kind down there, but experienced a burning that I compared to being cut, literally. The doctor found a lesion by the vaginal opening, that looked like little paper cuts apparently. Anyhow the 500 mg Valtrex 1&times; daily started helping after 2 weeks. The weird nerve-like sensations I was experiencing were all gone after 3 weeks. The only negative side effect is fatigue after I take the dose.""",9,3-Sep-16,17
88199,Clindamycin,Bacterial Infection,"""This has been the most wonderful medicine for my 2 abscessed teeth. Yes both hit me at one time and it was very very painful and within 36 hours of taking it I could see a big difference such as less pain and decreased swelling. This is day 6 and I have no pain and no swelling.""",10,3-Jan-12,19
204639,BuSpar,Anxiety,"""It helps me from pulling my hair out but I still have anxiety.""",6,15-Jan-12,14
68134,Plan B,Emergency Contraception,"""I had unprotected sex and he ejaculated completely inside me. About 38 hours later, I took the pill with food and water. I was expecting my period about a week from that day. Throughout the whole time waiting for my period I had absolutely zero side affects, and it really really worried me. It was about 2 weeks after I took it that I finally got my period, and I was never so happy to be in so much pain.""",10,12-Dec-15,17
184954,Trolamine salicylate,Bursitis,"""Did help relieve some of the pain temporarily. Worth using it at night to help relieve pain to be able to sleep.""",7,19-Apr-09,25
213821,Tioconazole,Vaginal Yeast Infection,"""Awful! I put in the one time treatment around 11:15pm and I&#039;m up at 1am with the most intense itching/burning sensation of my life! I bought it because the antibiotic I&#039;m taking gave me a YI but this is completely terrible! I want to scratch my vag off. NEVER again.""",1,1-Feb-17,2
191572,Lisdexamfetamine,ADHD,"""I have been on Vyvanse for almost 2 years and have had no major symptoms. I had dry mouth, but that pretty much subsided. I did lose about 30lbs, but I&#039;m 5&#039;9&quot; and was weighing about 240lbs, so it wasn&#039;t as bad thing. I have ADHD, I started this medicine when I was almost 40. I&#039;m almost 42 and really have had a great experience. My son is on it for ADD, and my daughter for ADHD. She was just tested and accepted into the gifted program and he is 2 years younger and has had significant improvements to his grades and behavior. I would recommend.""",10,10-Mar-14,65
82584,Liraglutide,"Diabetes, Type 2","""I have only been on Victoza for less than a week now and already huge difference in my levels. Prior to Victoza I was on 2000mg Metforming, 5mg Onglyza following a low carb diet. That brought my levels down to an average of about 14 while fasting. Since being on the Victoza the highest reading I have had so far is a 12.5 which for me is incredible I can&#039;t wait to see what I will be at over the next month.  I am not focusing on the weight loss at the moment if it happens awesome, but I&#039;m most concerned about my sugars. As for side effects I have had very mild nausea and that&#039;s all.""",10,15-Apr-11,6
141047,Escitalopram,Anxiety,"""Day 2. Taking for major anxiety/ slight depression. 10mg daily. Anxiety is lifting and feel much more in control and calm. Only side symptom is a slight wheezy/ tired feeling. I took it last night about 9pm and was asleep by 11pm. First time in a year that a fell asleep without racing thoughts and worries.""",10,6-Oct-15,11
50666,Gabapentin,Pain,"""I have a spinal cord injury. I&#039;m 7 years in this year. The only thing I feel below my waist is nerve pain, its really bad in my feet. If it wasn&#039;t for the Neurontin and taking Cymbalta together I wouldn&#039;t be able to function because of the nerve pain. It does help but for me I cant take the generic gabapentin.""",6,4-Feb-11,22
145900,Qsymia,Weight Loss,"""My Dr agreed to over see putting me on Qsymia because he watched as I devotedly pursued everything else to no avail. I have now been on this for 1 week and have dropped 3 lbs. I have 60 to go and have all the patience in the world as long as I see progress. I do get tired midday laydown, ten minutes get up, I do get constipated but take those probiotic gummies that seem to help. I crave sweet but nothing really sounds good. I plan to start walking just a mile daily.""",9,24-Feb-13,46
168235,Rizatriptan,Migraine,"""At 59 years of age have been suffering migraines since I was 21. Think I have tried every medication available in the UK. Maxalt is the only thing that has ever worked for me.Pain usually gone after 20 minutes, before I took Maxalt I could be in bed for 2 days rolling around in agony. Only side effects are tiredness and strangely It makes me sneeze just once as soon as I have taken it. Maxalt has completely changed my life. Fortunate to live in UK as I get it free on national health prescription.""",10,29-Sep-13,24
81720,Liraglutide,"Diabetes, Type 2","""Started this last night. I have zero appetite. How is this possible? I love food, but I don&#039;t really feel like eating. All I&#039;ve had today is some grapes. I have a sandwich in my lunchbox, but I don&#039;t have any appetite. I haven&#039;t had any of the side effects so far. I started with the 1.2 dose. The &quot;pen&quot; is really easy to use compared to my intramuscular testosterone. However, this drug is ridiculously expensive. Even with good insurance, I would have to pay almost $400 a MONTH!!! Fortunately, another serious illness pushed me over my out-of-pocket annual. So, I filled the script for $0. Due to politics I may have no insurance next year. Anyway, so far, so good with Victoza.""",10,6-May-17,13
221596,Ziana,Acne,"""I had a wonderful experience with Ziana. This is the only acne medication that didn&#039;t dry out my skin after using it. I thought I would never have a good experience with acne medications. Ziana is a smooth, moisturizing acne medication that leaves your skin feeling great. With a couple days the redness and swelling of my acne went down significantly. I don&#039;t see myself ever using another acne medication.""",10,30-May-15,11
186185,Desvenlafaxine,Depression,"""I have been taking 50mg of Pristiq for about 5 weeks now, and just started taking 100 mg a couple days ago. I am 31 yrs old, but have been on antidepressants for 10 yrs. I&#039;ve tried many SSRI&#039;s (Lexapro for several yrs) and never felt much better at all. I remained depressed and began to try to accept that this is just what my life would be. Finally, about 2 months ago my Drs office began doing genetic testing which can guide them on what medicines your body will respond best to. So Pristiq it was. I think my mood has lifted somewhat. I&#039;m really hoping it will improve even more as studies show full benefits take 6-8 weeks. """,8,2-Jan-14,93
200930,Boudreaux Butt Paste,Diaper Rash,"""Butt paste was very useful for my baby. She had diaper rash 4 times. I tried lots of variety (Destin , A D , nystatin, neosporin) but none worked. I tried Butt paste its really very good. """,10,12-Nov-10,5
125971,Viibryd,Major Depressive Disorde,"""I&#039;ve been on Viibryd (40mg) for a few months now, for major depression/anxiety. Before that, I took Prozac, but I felt like it had stopped working. The Viibryd is working well for me. I have more good days. I don&#039;t feel sedated, just more positive and functional. As far as side effects, I get an upset stomach if I don&#039;t eat before I take it. I took it right before bed one time and had a really vivid nightmare, so I try to take it early in the day. When I do miss a dose, I feel withdrawal more than I did with Prozac. Overall, it&#039;s effective for me, but I have to be more careful to avoid side effects.""",7,15-Nov-14,48
183200,Cymbalta,Depression,"""I have only been on this for 2 weeks but I can seriously notice a difference. I am 21 and for about 6 years (after a traumatic event) I have been suffering from &quot;severe depression&quot;. I have always had pain and always been to tired to do anything but lay in bed and cry! I can now say I am happy! Finally happy, I can&#039;t remember a time I was ever like this. I am motivated, active, and enjoying life. It works quick. I do however have mild headaches everyday and multiple nightmares every night. I am told these will subside. It&#039;s pricey but I really think its worth it! Good luck to everyone.""",8,20-Jun-13,74
118808,Zoloft,Panic Disorde,"""Been taking Zoloft for 2 weeks and 3 days for panic attacks and general anxiety disorder. 2 weeks in I felt like myself again, careless towards things that didn&#039;t matter and was able to go to work and be more social. For 3 days now I&#039;ve felt strange, had a panic attack though on day 14 and I think that might be why (can&#039;t get over them sometimes). I can&#039;t wait for a month to be over with so I&#039;ll get the full effect of Zoloft. Hopefully I&#039;ll be back to normal soon.""",9,1-Feb-12,17
213019,Tizanidine,Muscle Spasm,"""I am very happy taking Zanaflex.  I was originally put on it for migraines but after a major car accident they tried to put me on Soma which caused some side effects.  I went back to Zanaflex and have never looked back.""",10,28-Aug-08,80
132965,Loestrin 24 Fe,4</span> users found this comment helpful.,"""Took this pill for 1.) Acne and 2.) Birth Control.  I have had a side effect that very few people had which was hair loss in the scalp.  Big amounts of hair would come out when I would shower.  I realized this happened to me with a previous birth control as well but want to note for others as a precaution.  I got extremely bloated on this medication.  I have a flat tummy and it looked like I was pregnant which was painful and annoying.  This also gave me a very backed up system which I never get.  I got extremely nauseous, very moody, heartburn, anxiety and some depression.  The only pro was that my breasts grew a cup size.  Can&#039;t complain about that! I&#039;ve been off of this pill for three days and all of these symptoms are gone.""",2,24-Jun-14,4
124968,Gastrocrom,Systemic Mastocytosis,"""This has been a great medication and has made me feel much better.  If you take too much at one time it can upset your stomach. """,9,1-Aug-13,9
33012,Seasonique,Birth Control,"""I went on this last year for PMDD, like severe PMS, and did fine the first 6 months. I&#039;m not sure why, but suddenly my periods are 2 weeks long instead of one. I&#039;m also having the same severity, if not more, of cramps that I had before I started. I think the issue was that I might have already had estrogen dominance, and the lack of ovulation made it even worse. (No ovulation means no progesterone to help your periods be lighter.) Also I have zero sex drive. Seriously, doing dishes has been more appealing lately. It has made my mood issues improve, though. I don&#039;t feel nearly as depressed as I did before taking it.""",5,26-Jun-14,24
202946,Gildess Fe 1 / 20,Birth Control,"""I just finished my first pack two days ago and I will not be taking it again. In the beginning I was fine. There were no symptoms and I was feeling good. Now that it&#039;s been a month I can tell you I&#039;m in a place I don&#039;t recognize. Every little thing my boyfriend does I get upset over, I&#039;m constantly crying and paranoid, never want to get out of bed and I&#039;m depressed. This is miserable, and I&#039;m hoping that within the next few days I&#039;ll feel normal again after being off of this.""",1,9-Mar-16,7
13256,Amphetamine / dextroamphetamine,ADHD,"""I have struggled with ADD since I was in grade school. Although diagnosed, my mother was not about putting me on medication. That being said I struggled really bad until I graduated. I am now 22 &amp; have been out on almost any ADD/ADHD medication you can think of. To keep it short &amp; sweet, Concerta &amp; focalin worked for about an hour then I turned into a horrible person to be around - extreme mood swings, aggression, agitation, really easily annoyed, &amp; hostile. My doctor decided to put me on Adderall XR 10mg tablets &amp; let me tell you it has saved my life!!!!!! It lasts all day for me, I am more focused, my heart rate doesn&#039;t jump to extremes like it did on Focalin. It actually makes me more relaxed &amp; enjoyable to be around. 10/10""",10,19-Aug-17,15
38612,Liletta,Birth Control,"""I have had Liletta for a year now. Insertion was bad but nothing I couldn&#039;t handle since I was used to awful cramps. Since then I&#039;ve remained around the same weight, my skin has stayed clear, and I have a much lighter period then I used to. Only negatives I&#039;ve had are random spotting which I&#039;ve had on previous birth controls as well. I highly recommend Liletta!""",9,12-Jan-17,6
31311,Miconazole,Vaginal Yeast Infection,"""This stuff is terrible. Burns. Badly. Thought I could wait it out- spent two hours in bed reading reviews which made me feel better but I should be sleeping. Going to try to push it out and probably spend the night with an ice pack between my legs......asking for Diflucan tomorrow because this is just not worth it. More expensive too. All around just bad. DONT USE IT IF YOU HAVET YET""",2,26-Jul-16,4
198429,Exenatide,"Diabetes, Type 2","""I was on Bydureon for about 2 months, I really noticed the loss of appetite and lost my sweet tooth. My weight came down and my blood sugar levels dropped from 8.5 to 6.0. I was really happy with the medicine until the known side effects started to show. They were nausea this happened approx once a week in the fourth week in on taking the medicine and bloating, indigestion, a lot of passing wind and acidy burps. Also I felt a bump and itchy feeling around injection area whenever I injected. If they can sort out these side effects then it would be really fantastic for people with Type 2 diabetes. I was really reluctant to stop but the horrible nausea beat me.  """,6,28-May-13,34
58227,Acetaminophen / hydrocodone,Pain,"""I took it (2 a day) for a few weeks for a compression fracture and it helped not only that but the constant arthritis in the lower back. I also took it some years ago, knowing only the generic name and not associating it with &#039;Vicodin&#039;, for shingles. Nothing short of heroin can eliminate shingles pain, but this did a pretty good job without any sign of physical dependence. I will request a continuing prescription just for the arthritis.""",9,27-May-08,102
196987,Paroxetine,Trichotillomania,"""I have OCD, anxiety, and ADHD. I also pick my cuticles everyday. The official name is Dermatillomania and it&#039;s closely related to pulling hair out. I&#039;ve been picking my cuticles for 25 years. There has never been a time when I did not pick them to some degree. I try to hide them and I frequently make them bleed. I take 450 mg of Wellbutrin XL and 25 mg of Paxil (by cutting the pills) daily. 
I started the Paxil almost a month ago for anxiety. While it has helped a lot with anxiety, it&#039;s even more incredible to me that my cuticles are now almost perfect with just one tiny blemish and my nails are long. This is the ONLY time they&#039;ve looked like this since I started when I was 9 years old. Very, very pleased! No more hiding my fingers!""",10,26-Apr-16,15
121006,Venlafaxine,Irritable Bowel Syndrome,"""For years I had battled with IBS D, until being prescribed Effexor XR. I did have problems when changed to the generic. If I missed a dose of the name brand I could take the next dose. On the generic if I missed I would have awful withdrawals.
And one manufacturer Zydus 120 mg lasted only 12 hours.
I found manufacturer Greenstone will last the 24 hours. My current pharmacy makes sure they have it available, but some pharmacys aren&#039;t able to get certain manufacturers.
I have been able to live a normal life with the medication Effexor XR or generic by Greenstone. I do not have IBS D, nor the stress and anxiety of never knowing when it would hit. I am very thankful.""",10,12-Apr-17,3
172038,Amitiza,Irritable Bowel Syndrome,"""I tried the samples my dr sent me home with. It gave me some of the worst stomach aches of my life. And I didn&#039;t go to the bathroom anymore than I normally do. I hated this medication, it made me feel much worse.""",1,30-Aug-15,29
95538,Bontril Slow Release,Obesity,"""I only took Bontril 105mg for 2 months. I started out at 250lbs!!! I went to buy New clothes and was in a size 18, so depressing! I started out on Bontril 35mg, that did nothing for me so they bumped it up. I did stop drinking cold drinks, and only water. I did not even drink tea. I ate a high protein diet, beef jerky, cheese, and yogurt. They told me 1200 calories but that felt impossible! I did exercise the first month but slacked in the second. I lost 50 pounds total in those 2 months.  There after I did not gain my appetite back and got all the way down to 162 pounds. This medicine is absolutely amazing! Its been over 2 years and I just starting gaining some of the weight back due to the depo shot, I will definalty be going back to Bont""",10,24-Sep-15,96
12255,Levothroid,Hashimoto's disease,"""Thyroid supplements are really hard on my stomach &amp; I couldn&rsquo;t take them for long. I found out most have lactose in them; Levothroid does not. If you&rsquo;re lactose intolerant or have digestive problems, I would highly recommend trying Levothroid. Going on 6 years now and no ill effects.""",10,9-May-12,29
105215,Carbamazepine,Epilepsy,"""Previously on generic with onset symptoms. Now on Name brand and still transitioning from Aptiom which was not effective in controlling symptoms. Hoping name brand works.""",8,25-Dec-15,0
153075,Doxycycline,Acne,"""I started taking the doxcy (100 mg) once a day for my acne.  I am 29 years old female that had never had acne in my teens until now at this age.  Okay so I began with this pill and for me it got worse before it got better. I took this for a month and a week and I did see improvement till like my 4th week of using it. So then my derm prescribed the same doxcy  (100 mg) but now twice a day which is much better along with tretinoin cream 0.05% every night. This has helped me so much. One big tip that I can give you guys is not to stress about the acne I know it&#039;s hard but stressing will only make it worse. Just think that one day it will go away.  Now it&#039;s been  25 days with the new prescribed doxcy and finally no more acne.""",9,19-Sep-16,35
52117,Adipex-P,Weight Loss,"""I just started Adipex-P 37.5mg on March 6th, 2011. I am in the military and am a single mom of two. I work and go to school full time so its hard for me to work out everyday even though I&#039;m supposed to. I have never really had trouble losing weight until I started working night shift in May. I would only eat one meal a day but since it was late I gained the weight. I am 5&#039;5 and weighed 184lbs before I was put on this pill. The first day I took it was right after the doctors appointment. By 5pm and I had only eaten one piece of ham. I bought a salad after I took the pill and tried to eat it when I got home at 6 and couldn&#039;t because I had no urge to want to eat. It&#039;s Wednesday now and I&#039;ve lost 4lbs already.""",8,10-Mar-11,7
13891,Bydureon,"Diabetes, Type 2","""Within 2 weeks saw blood glucose more than half to good levels I&#039;ve not seen for years (literally) no major side effects - felt sick twice within a day or two of first dose but apart from that all ok. Injecting in fatty tissue of stomach hardly any pain. Very well designed device and needle almost painless. I would recommend this for T2s who have gone to max on oral meds and need that extra help, this really is the magic bullet for me. I can handle weekly injections but not daily that&#039;s too much imho.""",10,1-Mar-17,13
55066,Bupropion / naltrexone,Obesity,"""I took this for five months and lost 35 pounds. I loved it but had to stop because it wasn&#039;t covered by my insurance and I could no longer handle the $60 a month for it!!! Would definitely love to know which medication in this pill is what suppressed my appetite so I could take that alone! Would so take this again if I could afford it!""",8,27-May-16,33
222064,Fluconazole,Vaginal Yeast Infection,"""Quickest relief ever!  Antibiotics always give me a yeast infection! Vaginal creams are slow and yucky. Fluconazole worked quickly and completely!""",10,1-Oct-15,25
115387,Propofol,Anesthesia,"""It was like going to sleep when you were a little kid and you were very tired and your bed felt delicious.""",10,13-Jan-16,9
38964,Contrave,Obesity,"""I stated taking Contrave a week ago I lost 7lbs so far. I don&rsquo;t feel hungry but I eat about 3X a day low carb some protein and fiber. I drink plenty of water. I sometimes feel nauseous. I don&rsquo;t like to take medications but I am trying to continue taking it because it seems like it&rsquo;s working. After reading some of the reviews I am more confident about it now. I&rsquo;ve been thinking about major side effects with Contrave but no one has reported any so far. Good luck everyone in this weight loss journey.""",8,5-Dec-17,0
158002,Accutane,Acne,"""I didn&#039;t like my lips looking like sandpaper for 5 months of my life, but otherwise it worked.""",8,27-Jan-09,17
230149,Voltaren-XR,Pain,"""This worked great for my back pain and is non-narcotic so I don&#039;t feel woozy.""",10,10-Feb-09,14
178683,Victoza,"Diabetes, Type 2","""I have been a type 2 diabetic for 10 yrs now. I tried victoza in may 2016. As of today, Sept. 24th I have lost 45 pounds, I&#039;m down to 1 metformin a day and my A1C is great!! The side effects are minimal. Mainly sour stomach but that can be controlled mostly by diet.  Low starch foods help alot. I&#039;m so glad after trying a few newer meds that I found victoza!!!""",10,25-Sep-16,68
114547,Pimecrolimus,Eczema,"""Frustrated with the lack of effectiveness of any of the medications I have been given for this condition - including Elidel. Still experiencing extreme itchiness, oozing, peeling and cracked skin. Over the years more areas of my body is affected with this condition. Painful and unsightly.""",5,22-Oct-16,6
40937,Acetaminophen / oxycodone,Chronic Pain,"""This med helps to take the edge off enough for the pain to be tolerable. I take HCL 15 mg one every 6 hours. Compared to hydrocodone this is much better and faster relief. Just be careful what you take with it.""",6,10-Nov-17,0
142693,Levonorgestrel,Birth Control,"""I&#039;ve been on birth control for a while now due to horrendous cramps and excessively heavy cycles. And I&#039;ve always been an anti-kid-having lady so hey it works for me. So I ended up switching from the nuva ring (which I loved) to the Mirena. I&#039;m not going to complain about pain because we&#039;re all different and to be honest, it really wasn&#039;t terrible, a little discomfort. But I&#039;ve had my Mirena for a little over 2 years now and I&#039;ve gained 40-50 pounds with no change in diet, I have absolutely no energy for anything (I work and go to school full time), and I&#039;m recently married with no sex drive. At first the Mirena was a God send, no period, no pill, no hassle or worries. But now I&#039;m counting down the days this evil thing is gone.""",4,9-Aug-17,3
168456,Monistat 7,Vaginal Yeast Infection,"""I used Monistat 7 day and so far its ok. At first it feels a little uncomfortable but after about 15-20 minutes it goes away. I&#039;ve seen everyone had bad results with the one day and three day... Maybe because they are stronger than the seven days. I hope the seven days works good... Today is my first day using it. Just wish the applicator was a little more comfortable!!!""",8,16-Jul-16,4
84989,Ethinyl estradiol / norgestimate,Birth Control,"""I started taking this bc pill a month and week ago. At first I just got nauseous then I started getting migraines which were intense and the depression was horrible I was so emotional over stupid things.I got my second pack and took it at 7pm woke up at 8am and felt fine but around 12 I felt bad .I was so weak I couldn&#039;t move and I was sweating and cold and my arm went numb and it felt like I had a hang over but worse. my eyes hurt also. I am getting off this pill and getting switched to a different kind. This was the first bc pill I&#039;ve ever used.""",2,28-Jan-16,5
11521,Pramipexole,Restless Legs Syndrome,"""This has really helped me. I have had RLS all my life off and on.  The RLS is worse now,  I am 74yrs.  I have been on it almost a year. I believe I may be getting some side effects lately. I am so tired, and can&#039;t seem to think straight sometimes. I realize that could be from other things, but I am going to talk to my Doctor on next visit.
It is a God send if you haven&#039;t slept for nights.""",9,11-Mar-10,28
43990,Ethinyl estradiol / norgestimate,Birth Control,"""First of all, I started taking birth control when I was 17. I started to regulate and lighten my period. I took Yaz for a year. No problems. After I turned 18, my insurance dropped me so I went to a women&#039;s clinic and was given six months of the Ortho. I have been taking it for four months now, and once this pack is gone, I&#039;m done. The side effects are HORRIBLE. I have no drive for sex. I&#039;m moody, I cry constantly. My period is heavy and unpredictable. It also lasts forever. I haven&#039;t gotten pregnant (we use condoms as well though), but that&#039;s the only plus. My relationship is at stake here because of a pill.""",1,3-Jun-12,24
174896,AndroGel,"Hypogonadism, Male","""I am 69 years old.  Prior to starting  5 pumps daily of Andro Gel 5 months ago, T level was 207, low energy and almost no sex drive plus often could not maintain an erection.  After only a couple of weeks, there was a big turnaround, good erections and libido what it was at age 40. Did notice I was a bit more aggressive.  Then, about the 3rd month things went downhill with things back pretty much as they were before Andro Gel. Presently awaiting results of test to see where T levels stands.""",5,7-Feb-11,41
85483,Ethinyl estradiol / norgestimate,Birth Control,"""Face cleared. Gained 5 pounds. No vomiting for me or irregular mood swings. Also my periods are very very precise. Only bad thing is the super decreased limbo. Just don&#039;t care for it anymore it seems""",7,20-Jan-15,7
178737,Victoza,"Diabetes, Type 2","""All the side effects""",1,26-Dec-15,5
85334,Ethinyl estradiol / norgestimate,Acne,"""Slow and steady definitely wins this race. I was skeptical going on birth control to fix my ongoing acne battle especially since I am not sexually active. 

I have been on it for 3 months now and I am so grateful I did this!! My acne has cleared up 80% and I expect it to be closer to 95% for the next pack. It was hard to be patient those 3 months of wondering if it would work, but it did and I&#039;m soo happy about it. 

At first, I noticed some swelling and tenderness in the chest, but that subsided after about 2-3 weeks, once my body got a bit more used to it. I had a few pounds of weight gain but that has since come off too- and may have been just water weight.""",9,1-Jul-15,6
3144,Nitrofurantoin,Urinary Tract Infection,"""Although I think I might have kidney stones instead of a UTI, (due to vast amounts of blood in my urine and no pain when I urinate) my only side effect is nausea. I can&#039;t say if it actually helped with symptoms because I still have side and belly pain after 7 days of being on it. Just because one person might have one side effect or allergic reaction doesn&#039;t mean the next person will. Everyone&#039;s body is different and what doesn&#039;t work for one person might work for the other.""",10,23-Jan-17,6
154893,Metronidazole,Dental Abscess,"""I&#039;ve been taking metronidazoles for 4 days (3 a day) and I&#039;m still in agony, I&#039;ve tried so many painkillers and nothing helps, my right side of my face is in agony and I can&#039;t eat or drink anything hot or too cold, cold air hurts my gums also, anyone have any advice?""",5,15-Dec-16,22
158082,Ziprasidone,Bipolar Disorde,"""This was the worst experience I&#039;ve had with a medication. I had to go off Lithium because it gave me hypothyroidism and diabetes insipidus and Geodon was a replacement. I was given Geodon at the lowest dose for about two weeks. I was okay, but experiencing a bit of random anxiety. Then my dose was upped and I had a panic attack (I&#039;ve only had 3 of those in my life before) within 24hrs. Several days later I was in the ER with suicidal thoughts for the first time in 20 years. As far as general effectiveness goes before the dosage increase sent everything haywire, I got depressed right away once totally off the Lithium, so it wasn&#039;t really helping anyway. The suicidal thoughts and anxiety were gone within 48hrs after I stopped taking it.""",1,15-Dec-16,10
113576,Acetaminophen / butalbital / caffeine,Headache,"""I have been suffering from terrible allergies due to hay fever.  The allergies caused horrible headaches.  Doctor gave me a prescription for butalbital (Fioricet). It helped so much. I was taking Excedrin migraine however it was keeping me up at night. Everyone who suffers must try it. It is inexpensive compared to most migraine medications.""",9,19-Sep-11,0
87775,Naproxen,Period Pain,"""One thing I&#039;ve learned is to avoid dairy products and too much fat about a week to 10 days before my period. I helps a lot with reducing bloating and cramps. I still have to use medication to control the cramps, but no dairy makes a huge difference.""",7,11-Apr-10,6
716,Medroxyprogesterone,Birth Control,"""I can&#039;t rate this a 10 because it is DEFINITELY not perfect. No birth control method is. However, I enjoy being on it. What I like about Depo Provera is that it&#039;s a shot I have to get every 3 months - it&#039;s GREAT not having to worry about birth control in-between shots. I don&#039;t have to swallow or insert anything or worry about not taking it on time.  For me, it also stops periods which is the number 2 reason I love it, the number 1 reason being that it&#039;s very effective at preventing pregnancy.  

I got my first Depo Provera shot when I was 14 to stop periods.  I kept bleeding and spotting and was told that would eventually go away by the 2&#039;nd or 3&#039;rd shot.  That didn&#039;t bother me.  """,8,1-May-11,1
213331,Nuvigil,Hypersomnia,"""I was diagnosed with idiopathic hypersomnia after months of falling asleep during the day and very early at night.  It very much affects my life, making me feel overwhelmed and unable to complete what a normal person should be able to do.  I was put on Nuvigil and a few hours after taking the first pill, I began to feel jittery.  It lasted a couple of hours and as that feeling left, I got migraines.  The migraines lasted for 2 days.  I then had 2 days where I felt absolutely awesome - I slept fine at night and had ample energy to get through my day. The next 2 days, I felt tired and dragging again.  The last day, I was tired, depressed, and crying on and off all day.  I am now off the medication.""",3,20-Apr-10,13
77853,Moxifloxacin,Bronchitis,"""Avelox did promptly clear up bronchitis and sinusitis. My ankles were so swollen that I could only wear loose fitting houseshoes for the 10 day treatment time. It made me feel jittery and caused abdominal cramps. """,6,29-Nov-09,7
23152,Methadone,Chronic Pain,"""Best pain medication I have been on. Started because it was one of the cheapest and long acting. The only major problem is that it destroyed my teeth. It does not make me feel high just normal, it is however a very difficult medication to stop taking. I would not give up my methadone for any other treatment, especially suboxone.""",9,20-Dec-15,53
103246,Celecoxib,Pain,"""I LOVE Celebrex!  I have degenerative disk disease, bulged disk and degenerative hips.  My doctor had me try it after learning how I can tolerate 6 ibupropen a day.  I have been 85% better as far as the daily pain.  I can do things in exercise that I could not before, due to the pain.  I take homeopathic anti inflammatory supplements as well.  I am a 43 year old photographer, pilates student and teacher living in pain for over 6 years.  So wonderful to have this relief.""",10,17-Feb-10,105
169883,Aspirin / butalbital / caffeine,Migraine,"""This drug is phenomenal for migraines as long as you catch it early.""",10,27-Apr-09,21
120362,Montelukast,Allergic Rhinitis,"""I was prescribed this for headaches and eye irritation for allergies.  Been  taking it for a month.  No improvement or change in symptoms.  Drs office said it takes a few days to help symptoms ; pharmacist said it can take 4-6  weeks to build up on in your system.  The generic is cheap but after a month,  no change.  Don&#039;t know if its med not working or mis diagnosis""",2,10-Nov-15,17
56998,Saliva substitutes,Xerostomia,"""It has the most disgusting taste it made me sick. Retail price over $900.00 and I threw it away.""",1,12-Jan-16,12
106043,Atomoxetine,ADHD,"""28 years old, 165 pounds. Severe paranoia from stimulants and Wellbutrin; caffeine as well. Nowhere else to turn, I started on Straterra 10mg, twice a day. Effects in first 2 hours. Felt manic-ish. Sleep pattern disrupted. Cola colored urine stains on the toilet bowl when not flushed. Smoking desire enhanced. 
2 weeks later. same dosage. Very focused. Used together occasionally with an anti-psychotic and anti-anxiety for when any panic attacks, manicness, or paranoia begins to occur. 

Studying time increased. Comprehension enhanced. Distractions minimized. Recommend this medicine at 10mg for those with side effects from stimulants.""",9,27-Nov-11,23
142104,Escitalopram,Depression,"""I&#039;ve been on lexapro for several years. I have to say for some the initial side effects can be overwhelming, but stick with it because it will help most of us. You can train yourself to overcome the sexual side effects, and weight gain can be controlled through proper exercise and diet. I&#039;m not an active person, but have to remind myself to hit the gym several times a week. Doing so will greatly and positively affect your mood as well, so just pretend like you have no choice and GO. Also please remember there is no &quot;magic pill&quot; we have to take responsibility for our own happiness, which includes lots more than just taking antidepressants! Hope this helps some!""",8,9-Mar-09,376
152759,Doxycycline,Acne,"""Okay so I&#039;ve had pneumonia (Viral) and now I&#039;m left with post viral bacterial bronchitis infection. I&#039;ve been given Doxycycline (Sandoz) tablets and have only taken six tablets. Now my doctor also notice that I also have quiet severe acne and scaring. He explained about the medicine and said if my skin starts clearing up let him know and I can get more. My experience so far is amazing only reason why it&#039;s one off from 10/10 is because I did break out in the first 3 days and it brought up an ugly big pimple that has left me bruised. 3 days later almost gone. My face is not sore as it was before. On top of it I do have a daily routine (sometimes). I take Bio Zinic tablets, deep cleanser (Niva) and Real-U (cream) on affected areas. I clean my face 4 days a week.""",9,19-Sep-17,3
86964,Latuda,Bipolar Disorde,"""I&#039;ve taken a lot of medications. I was prescribed latuda and it wasnt a very good experience. I couldn&#039;t even sit down to watch a movie without feeling jittery and needing to be on the go. When it was bed time my legs were so restless I couldn&#039;t sleep. I would lay in bed kicking my legs non stop. I&#039;ll never take this again.""",3,28-Oct-16,25
91431,Anastrozole,Breast Cance,"""I have been on anastozole for a year and half, was on tamoxifen for a year before but now gone through menopause. I was a fit 41 year old before, I always have  horrible taste in mouth, struggle to get up to walk especially from out of bed, my joints are so painful, I struggle to grip, lost the steering wheel the other week and nearly shot off road, fuzzy head, hot sweats, think I&#039;ve made the decision to come off it and hope for the best.""",6,27-Jun-16,40
122803,Linaclotide,Irritable Bowel Syndrome,"""Before starting Linzess at age 21 (~1 yr ago), I was going to the bathroom about once every 3 weeks. Eventually, laxatives were necessary but still I was going maybe 3 times a month. I was experiencing severe stomach pains that left me in bed for hours at a time daily, eventually I ended up in the ER.

Within 24 hours of starting Linzess, I went to the bathroom. Yes, the first few days it was diarrhea. Within the first week, I was having regular bowel movements and have been having about 1/day since then. MY STOMACH PAIN HAS DISAPPEARED (that&#039;s huge!!!!) 

Gas? Yes, all the time. Diarrhea? Only if I take it too late in the day. Increased hunger? Yes, obviously, because my stomach is empty. Worth it? 5 billion percent.""",10,20-Sep-14,128
35476,Phenol,Sore Throat,"""I will personally attest to this,,,
33 years ago, as a teenager, I came home from school one day with a terrible sore throat - I squirted quite a bit of Chloraseptic into my throat and swallowed more than I should have. Within hours, I fell into, what I have described all these years later, as a coma-like state of awareness for a good majority of the rest of that week.  I finally began to come out of that state 5 days later.  It was never discussed with any doctor, so I just chalked it up to some freak of nature.  

I am, without a doubt, now assured the phenol ingredient was the cause to my negative reaction to swallowing 
the Chloraseptic!""",6,5-Nov-16,7
109055,Nexplanon,Birth Control,"""I have been on Nexplanon for about a year and a half now. I decided to go with this form of BC because I am so forgetful that the pill was just not an option for me. This has honestly been one of the most frustrating experiences I have ever had. When I first got it inserted in my arm I noticed I had my period practically everyday and this went on for about 3 months until I went back to my  gynecologist and she said it was completely normal and that it should stop. Well it hasn&#039;t at all. Everyday I have spotting and it&#039;s gotten to the point where I have to wear a tampon every day . Every time I have sex there is always blood everywhere. And it&#039;s hard explaining why I am always on my period to my partner and it&#039;s made me self conscious.""",2,2-May-17,13
178241,Duloxetine,Anxiety,"""Prescribed via a Psychiatrist for severe Panic attacks for 2 years.
If I take dosage late or forget to take it the withdrawal symptoms kick in.  
Gnawing physical pain, breathlessness, disorientation to time, difficulties in word finding while speaking, severe muscle pain and stiffness, nausea, labile emotions and panic.

""",1,5-Sep-10,27
86386,Magnesium sulfate / potassium sulfate / sodium sulfate,Bowel Preparation,"""I had been putting off colonoscopy for years due to fear of prep, despite the fact my mother had colon cancer when she was 48!! I am 48 now and couldn&#039;t put it off any longer. I have to say Suprep was great! Follow doctor/kit instructions exactly. Works within 30-45 min after dosing. Done using bathroom within 3-3 1/2 hours. Tips: Eat lightly 2 or so days prior, eating mainly soft foods. Hydrate yourself several days prior also, making sure to get lots of extra fluids/electrolytes. Don&#039;t drink too much right before dosing so that you can get all the solution/water down comfortably. Do drink as much fluid as you can in between doses to stay hydrated. And RELAX! Positive attitude goes along way! I would definitely use this product again.""",9,26-Oct-13,73
36844,Fentanyl,Pain,"""I have been on the duragesic patches 100mcg every 2 days a little over 3 years for chronic pain due to a failed lumbar fusion surgery. Before going on the patch I was taking 10-15 loritab&#039;s a day , which tore my gastrointestinal system apart.  These patches were a Godsend. with norco as a break through med.  I usually only have to take if I get a little over active . The only reason I didn&#039;t rate a 10 was a few side effects sweats and constipation being the worse. gains beat that easy.""",9,20-May-08,39
163724,Mirtazapine,Anxiety,"""Suffered from anxiety and depression for 3 months with over 20 side effects. Took citalopram and Prozac but both only worsened my side effects. Finally doctor gave me mirtazapine and almost overnight I seemed to improve. Had my first full sleep in 3 months and felt like eating again. Slowly over the course of 1 week all side effects left me and within 2 weeks I was more or less off the medicine. 3 months later I lead my old life again. If you suffer from sleep and have lost your appetite due to anxiety give this a go. Good luck""",10,31-May-12,58
147298,Alprazolam,Anxiety,"""I&#039;ve been tormented by anxiety since childhood. I am 24 years old and have been through a lot in my life. I&#039;ve been diagnosed with depression, bipolar disorder and anxiety, panic attacks, ADD. I&#039;ve been medicated most my life as well. My anxiety got so bad in high school that I had to be home schooled. I wake up in the morning feeling like my heart will explode for no apparent reason. I get intense irrational fear and intense impulses to harm myself because I just can&#039;t take it and get frustrated I start throwing and breaking things I can&#039;t stand to be alone a lot of the time. Xanax works fast and calms me down without knocking me out. Depending on the severity of my attacks I take up to 2 mg. No less than 0.5-1mg.""",10,12-Aug-12,46
122246,Venlafaxine,Depression,"""Worked for 2 weeks then stopped.""",1,18-Feb-09,14
129501,Levonorgestrel,Emergency Contraception,"""Ok girls if your reading this it&#039;s because you are scared because u think ur pregnant and don&#039;t understand plan b I sadly am 15 and had unprotected sex with my bf. I am on birth control but being stupid I was still scared even tho he didn&#039;t cum inside of me so I took plan b anyways the week after I had sex again unprotected but this time he cummed inside and that scared me so even tho I am on birth control I took plan b about 30 hours later I have had awful side affects dizziness, being nauseous and headaches have been killing me for about a week now I was supposed to get my period last night during the night and I didn&#039;t so I started getting really scared but tonight I finally got it and it was a big relief!!! Plan b works don&#039;t worry!!!!""",10,5-Aug-15,19
59253,Lansoprazole,Barrett's Esophagus,"""Stopped the symptoms (heartburn and reflux) immediately and completely. No side effects. For me, a wonder pill.""",10,30-Jun-14,20
82105,Liraglutide,Obesity,"""Started taking Saxenda on April 18th and have had only a few side effects. I have some nausea and a headache in the evenings. I&#039;m hoping this subsides the longer I&#039;ve been on it. I have lost 6 lbs which is an amazing accomplishment for me. I have not been able to loose more than 2 lbs no matter what diet I&#039;ve tried. I get full very fast, only eating about 1/2 what I used to eat at each meal. Sleeping great but am experiencing a great deal of fatigue especially late afternoon and evening. Will continue on and hope this weight loss continues. The doctor gave me a month of samples so I didn&#039;t waste money if it didn&#039;t agree with me.""",7,26-Apr-16,21
176778,Nardil,Depression,"""This medication is brilliant.  Completely got rid of my depression and social phobia. I take 75mg/day.  The SSRI&#039;s didn&#039;t really work.  Was laying on the bed all day thinking of suicide and death.  After I started Nardil my life completely changed.  Thank goodness for the medication.""",10,3-Sep-15,47
231076,Milnacipran,ibromyalgia,"""The medication helped my pain and did not increase my appetite. But I ended up in the hospital with 75% of the side effects including irregular heart rate and low potassium levels. """,2,15-Sep-09,29
111247,Ledipasvir / sofosbuvir,Hepatitis C,"""I&#039;m 65, female and last night I took my first pill.  I&#039;ve had Hep C since about 1975.  I looked at that pill a long time before I took it.  It seems too good to be true and I&#039;m afraid of the side effects.  Still this morning I still feel the same as ever.  It would be nice if it just continued this way.  I will make it through this treatment and I will get cured.""",9,9-Dec-16,18
57325,Oxymorphone,Pain,"""After breaking my neck and back in a car accident I was given 2 40 mg Oxycontin and 6 5mg oxycodone IR per day. Over a period of 12 months the effectiveness decreased. Introduced to Opana, they worked 10x better without having the euphoric feeling (major for me). Due to cost, I switched from Opana ER 2x40mg. per day to the generic oxymorphone 3x30mg. per day. Although generic does not last as long as the Opana brand, taking 3 X per day (every 8 hours) works very well. Rarely do I have the level of pain I used to while taking other medicines. If I could take every 6 I do not think I would need to take as many IR pills as I do.""",8,21-May-14,14
119337,Testosterone,"Hypogonadism, Male","""It doesn&#039;t work for me. I have been on 6mg a day for four months (one 4mg and one 2mg patches). My testosterone was slightly above 100 before the patches and today is 11. That&#039;s right 11.""",1,26-Jul-15,7
205137,Acetaminophen / aspirin / caffeine,Pain/Feve,"""I don&#039;t get headaches very often, but when I do they are bad. I take Excedrin, and it is gone in 20 minutes. """,10,22-Oct-12,9
201175,Zoloft,Depression,"""I was very very bad at one point with my anxieyy and depression and the OCD, they were all working together against me, the horrible disgusting thoughts from the OCD was driving me into constant panic attacks and anxiety through the roof! Which drove me to stay in doors and avoid triggers which then pushed me into a deep deep depression, I&#039;ve been on zoloft now for about 6 months on a low dose of of 50mg, and I feel much better! I was able to go out and get a job which I am excelling at and got three raises in 4 months! I have felt a bit of the anxiety and ocd poking out once in a while but I may need to raise the dose but over all this med had changed my life so far, if you are in a rut and are down don&#039;t give up you can regain your life back!""",10,19-Nov-16,88
51390,Azithromycin,Bronchitis,"""I am allergic to most antibiotics, including Amoxicillin and Erythromycin. Upon reaching my 8th month of pregnancy, my family all came down with bronchitis and unfortunately I caught it as well .. the doctors prescribed me the Z Pack and within 24 hours I felt tremendously better, which says a lot, considering I was in so much pain I could hardly even function. It took away the body aches, the hot/cold sweats, the fever, and suppressed my coughing. Of the few antibiotics I&#039;m able, the Z Pack always has and will be my first choice - it never ceases to amaze me at how quickly and effectively it works! My whole family swears by it. Highly recommended, 10/10, and two thumbs up. The occasional side effect is worth it!""",10,25-Nov-12,34
209669,Lupron Depot,Uterine Fibroids,"""Had a large pedunctulated fibroid tumor on my uterus- shot was administered , they found my fibroid got larger after 3 months. Had to have a partial hysterectomy to have it removed so I could sit, drive and have sex without being uncomfortable or bleeding.  I had every side effect which was miserable. I had extreme hair loss (thinning) and I&#039;m still trying to grow it back... this drug did not work for me. It has been over a year.""",1,20-Apr-17,12
48972,Ethinyl estradiol / levonorgestrel,Birth Control,"""I&#039;m 35 years old with 4 kids. I got aubra birth control pills from planned parenthood. The first week was fantastic but on my second week, I noticed some acne or rashes on my forehead. By the end of the second week, it spread all over my FACE and CHEST""",3,6-Oct-16,3
71316,Levora,Birth Control,"""After trying the patch, ring, and several pills I was recommended Levora by my doctor. It made my flow lighter and period shorter. I am sensitive to different birth control and the doctor said it is probably the additives. I went to planned parenthood for Levora but they do not carry that exact brand. This time they gave me Chateal to try. If you are having a problem with pills from the clinic it can be because of the additives, sometimes it is worth paying the $20 for name brands at the pharmacy. You can get a discount card to make it less expensive. I am worried to try another brand at this point.""",9,23-Jan-17,1
227519,Etonogestrel,Birth Control,"""9 months in: The first period that I had on Implanon was about 2 wks later than expected and lasted about 2 wks long. Since then all of my periods have come within about a wk of when I would have expected them. Each period has been shorter in length, as well as lighter. (Usually there are only about 2 days of bleeding that are really noticeable but the other 5-8 days are just spotting on and off). I look forward to the day when it is just a few days of spotting, or less.
As far as other side effects go: I have maybe one bad headache every other month. I noticed no weight gain until recently (which is probably due more so to the holidays than the Implanon!). I do have a lot of acne, especially on my chest. Despite these negatives, I like it!""",8,10-Feb-13,5
188538,ParaGard,Birth Control,"""Had the IUD inserted on 08/01/2016 in August, no cramps initially but About 2 hours after the insertion i started feeling cramping but nothing Advil and a warm towel didnt help with.  My periods before the IUD were a maximum of 2 days and VERY light. With the IUD, my periods are 4 days long with Heavy bleeding on day 2 and 3, but a SUPER tampon and a pad could help you with that. Overall i am satisfied with the product but everyones body IS DIFFERENT! DO NOT let others reviews turn you away from giving this product a shot. If it doesnt work for you you could always have it removed.""",9,19-Sep-16,12
175832,Levaquin,Urinary Tract Infection,"""I was given Levaquin for a urinary tract infection after first trying Bactrim, which didn&#039;t work.  I was really worried to use Levaquin because I read alot of bad reviews for it.  However, the only effect I had was that I felt speedy the first day I took it.  Subsequent days, I did not have this problem and I made sure to take it in the morning so it wouldn&#039;t affect my sleep.  It cured my infection wonderfully, and I had no upset stomach or yeast infection after effects.  Three months later, I got another urinary tract infection, and Levaquin again did the trick.  I really like this antibiotic!""",9,22-Feb-13,92
15341,Ethinyl estradiol / norethindrone,Birth Control,"""I was originally prescribed something else  then I somehow got switched to Guildess fe, which wasn&#039;t too bad. I was getting headaches, everyday with those. Now, the insurance sent me Blisovi Fe. Since I been taking the blisovi my period has increased In length, cramps in intensity, and heaviness in bleeding, including clots. Im hungry almost all the time, and my bra no longer fits completely (size D, before pill). The only thing this pill is effective in, is keeping you from getting pregnant. I had a scare and I did not get pregnant. But I never missed a pill and took at the same time everyday, which I was told makes it more effective.I am switching to an IUD soon because I cannot keep taking diff BC brands without warning.""",5,23-Feb-17,4
152457,Ciprofloxacin,Diverticulitis,"""Nausea after 3rd day. Some disorientation-dizziness on 6th day
Nervousness-shakiness after 4 days. DOES KILL the bacteria well, though.""",8,14-Dec-09,78
185352,Saxenda,Obesity,"""So I&#039;ve been on this for about 6 weeks or more and I haven&#039;t lose a pound! I don&#039;t have any side effects nor an appetite so I guess that&#039;s a good thing... I&#039;ll keep at it for a little longer to see if it&#039;ll work for me! At this point I&#039;m a little discouraged""",2,25-Sep-17,12
59516,Avelox,Sinusitis,"""The medicine worked great to counter my sinusitis and I was breathing better after just one dose. But the side effects are almost unbearable. Nausea, dizziness, headache, lightheaded, dry mouth and constipation. The dizziness and lightheadedness kicks in after about an hour of taking the pill and lasts for about 5 hours. Very difficult to function normally and trying to work while taking this medicine. """,3,12-Jan-11,17
32917,Seasonique,Birth Control,"""Although I  loved the fact that this drug allowed me to have fewer periods, however the affect it had extreme mood swings, decrease sex drive, my personailty and my appetite was astronomical.""",4,6-Aug-16,4
229875,Acidophilus,Vaginal Yeast Infection,"""I have type 1 diabetes and because of high blood sugar levels I used to suffer from yeast infections at least twice a year. A friend told me about acidophilus pills and I am forever grateful. I take them by mouth a couple of times a month to prevent yeast infections and if I ever feel one coming on or just generally feel any kind of irritation I will break a pill in half and wet it a bit so its more comfortable and insert into the affected area. You definitely need to get comfortable with yourself to do that, but it&#039;s so worth it. It won&#039;t completely break down and might come back out after a couple days, but it works. Taking too many by mouth gave me a little bloating and gas, but I&#039;ll take that over the painful infections. I hope this helps""",10,24-Nov-17,0
39581,Contrave,Obesity,"""I started the medicine 4 days ago and down 4 pounds already!  It curbs my appetite and I don&#039;t snack eat like I use to.  I have also noticed that I have more energy which keeps me moving throughout the day and wanting to walk when I get home!  So far so good!  I also feel focused!! I think the energy is helping boost my metabolism!""",9,29-Mar-16,40
2198,Metformin,Polycystic Ovary Syndrome,"""I was diagnosed with PCOS in 2013 but did not start taking Metformin seriously until late 2014.  I am also prediabetic, which is what has jump started my desire to seriously lose weight.  I cannot speak for blood sugar levels as I have not had them rechecked, nor have I gotten my cycle back, but I also have a significant amount of weight to lose first.  I definitely experience upset stomach and pretty intense diarrhea; however, this only seems to happen if I do not watch my carb and/or sugar intake.  If I eat sensibly, I have little to no issues in the side effect department.  I am losing weight and moving more, and hope to one day not need medication anymore.""",10,24-Jun-15,24
162668,Terconazole,Vaginal Yeast Infection,"""So, I was having symptoms of BV so I went to the doctor and found out it was a yeast infection, after using the cream for just 3 days (it was a 7 day dosage) I had a major reaction, bad vaginal pains I could barely sleep. I went back to the doctor who now says it was not a reaction but possibly herpes. I had no pain no issues or anything before this cream, now possibly herpes. I am waiting on my results and praying it was in fact a reaction to this horrible cream""",1,17-Aug-17,3
67597,Plan B,Emergency Contraception,"""Hello all! I am sharing this because I want to reassure everyone that this drug does its job extremely well. I recently had gone off the pill and hadn&#039;t had sex in a month due to me and my long term partner being split. We decided to get back together and have sex, however, it was unprotected and his sperm did go inside of me. I am almost positive I was on my most fertile day but here I am, 12 days later after taking the Plan B and I am not pregnant. I took it within two hours after having unprotected sex. I had lots of breast tenderness and swelling, mood swings, and right now I am experiencing heavy cramps. But I do want to ease people&#039;s minds that this medicine is highly effective and it has relieved me because I am not ready for a bab""",10,19-May-17,15
49766,Ethinyl estradiol / levonorgestrel,Birth Control,"""Never had any side effects from this medication apart from some occasional spotting. I had to switch due to no one carrying it where I moved too. I was overall very happy with this product.""",9,8-May-15,5
130586,Levonorgestrel,Birth Control,"""I have had my Mirena for three months now. Insertion was only painful when measuring the uterus. I am a small girl (5&#039;1 and 90 pounds) so this could be why it was painful. I had cramps for a few days but a heat pillow solved that. I had zero spotting after insertion and haven&#039;t had a period since. Though my chest has grown about one size (nothing to complain about) and blemishes are starting to appear. My waist has become more curvy and sex drive more intense. Altogether I absolutely love it!""",10,1-May-12,2
23827,Saphris,Bipolar Disorde,"""This was my second time trying saphris. Throughout my first experience,  it worked great for my severe depression,  but caused me to gain 20  pounds in a very short time frame. This increase in weight wasn&#039;t acceptable, as I battle with bulimia as well. The second time around,  a few years later,  I had high hopes for this medication,  as it had virtually wiped out my depression while on it in the past, and I was taking the precautionary measure of adding Effexor to my medication regimen to help counteract the side effect of increased hunger and weight gain. The Effexor did help with decreasing my appetite;  however the antidepressant effect was not nearly as strong for some reason.  It may have even worsened my depressive symptoms.""",7,8-Jan-16,7
175572,Augmentin,Sinusitis,"""I was prescribed Augmfnyin 875 twice a day for a severe sinus infection and just after two pills (one day) I could see light at the end of a dark stuffy congested tunnel...I began feeling much better almost immediately but a side effect that almost subways happens to me with antibiotics....I got a yeast infection! My doctor told me that this is common because an antibiotics job is to kill bacteria all whether good or bad....these include bacterial that naturally occur and are normal in the vaginal tract so my doctor usually prescribes something for a yeast infection. Other than that taken with food I did not have any side effects and feel much better..it&#039;s amazing how quickly it works. After being miserable for days, I&#039;m very happy!""",8,7-Jan-15,76
230489,Depo-Provera,Birth Control,"""I am 17 and was on it for half a year and never had a period. I got off it in January and still today have no period and its been 10 months. """,2,10-Oct-12,2
27860,Lexapro,Anxiety,"""This medicine was an extremely horrible experience for me. My doctor prescribed it to me for anxiety and day one sent me off the edge. How I felt during anxiety attacks was how this medication made me feel but fifty times worse. I felt like I drank a million milligrams of coffee and was on pins and needles for 8 hours. After reading these reviews I hate that it didn&#039;t have the same affect on me as it did the majority. I hate anxiety but I can&#039;t see myself taking another one of those pills EVER.""",1,3-Dec-16,25
135337,Tamiflu,Influenza,"""For the people who are worried about taking Tamiflu because of vomiting or worse symptoms, there is no need. I was worried of vomiting when my doctor prescribed it too me. To lessen the chance or basically exterminate the chance of vomiting, have a snack or a meal and you won&#039;t feel a thing. It will feel like your taking a regular medicine.""",10,31-Mar-17,2
64004,Sertraline,Obsessive Compulsive Disorde,"""Been on it reluctantly for two years at first did not work, tried others and went back to it. Originally 100mg no sex drive and extreme tiredness, cut in half deal with very very mild thoughts and occurrence of negativity, the sex drive modest and normal. So at 50mg slights on everything but able to function and think out problems instead of reacting horrible.""",9,15-May-17,5
231485,Trazodone,Depression,"""I take trazodone to help balance the effects Cymbalta had on my sleep and to help with my depression. My experience has been wonderful, helps me fall asleep and sleep restfully. Together with Cymbalta, Trazodone has completely eradicated my depression.""",10,1-Jun-16,63
136286,Prazosin,High Blood Pressure,"""Using this for parasomnia, bph and bp. Kind of silver bullet. But my new doc tried to give me the brand name... Is it an extended release or just much more expensive? I only take it at night and dizziness hasnt been an issue. Seems to work as well as other bph meds that I have tried, my bp has also been reasonable. Seems to make sleepwalking more infrequent which is why I tried it.""",6,6-Nov-16,2
135420,Tamiflu,Influenza,"""My husband tested positive for the flu on 2nd day of having symptoms. His Dr prescribed Tamiflu for both he and I since I slept in same bed while he was sick. One day later, I started to feel symptoms as well...aches, chills &amp; fever. I immediately started the tamiflu &amp; was only out of commission for 1 full day. Tamiflu is amazing if you start it early enough.""",10,28-Mar-16,5
214594,Liothyronine,"Hypothyroidism, After Thyroid Removal","""I had my thyroid removed 3 years ago. I have been on various T4 supplements since: Synthroid, levothyroxine, Tirosint and continued to complain of fatigue, fogginess, wt gain, achiness, shortness of breath at exercise. FINALLY switched doctors as my Indian doctor would not try Armour. The new nurse practitioner looked at my labs: high T4, nonexistent T3. She switched me back to Synthroid and decreased the dosage, then added, for the FIRST time, Cytomel (T3). Within 3 days I have noticed a HUGE difference. So happy and still know the time test. BUT, fog is lifting, energy level increasing, sleeping well, HAPPY. I am hoping this continues. Noticed a slight headache at first but not bad. Will continue to cautiously be excited that we are ON to something.""",9,1-Jul-12,169
66829,Seroquel,Generalized Anxiety Disorde,"""This medicine is great for daytime anxiety or anxiety with insomnia. Doctors give way too much of this 300mg, 500mg, etc. to non-manic patients when much smaller dosages will work. I used a HALF TABLET (12.5mg) for sleep. Lately I used 1/4 tablet (one in morning and one in afternoon) to lower base anxiety level. You don&#039;t need to be knocked out to get relief from anxiety!""",8,22-Oct-12,215
188605,ParaGard,Birth Control,"""I&#039;m currently 22 and I&#039;ve had my IUD for close to four years (March) I love it. I do have to warn though. It does cause heavier periods for the first few months. Mine went from three days to about a week long. There will be cramping. It is painful some days. But I&#039;ve never had cramps to begins with. So this was new. If you can get through the first 4-6 months of this, it is the best form of birth control. I always recommend it to my lady friends.""",10,28-Jan-16,14
156065,Cialis,Erectile Dysfunction,"""I have only tried the generic version of Cialis so maybe the real thing would work better, but it does nothing for me except a slight thickening of the penis. That would be fine if I were taking the drug recreationally, but I do actually need some help.

I regularly take Kamagra, which is generic Viagra, and that does work. Viagra is better, and I can get away with half the dose that I use for Kamagra, but it still costs 5 times as much. The slight difference is that Viagra swell the penis a little and possibly numbs it s little too, making you last longer.

But if I had to rely on Cialis, I would have no sex life, effectively. It must just be me, or at least ineffective for some people, because many people swear by it.""",2,6-Nov-13,34
108982,Nexplanon,Birth Control,"""I have been on nexplanon since 2-20-17 and have had a non stop period since two weeks after it was inserted""",1,23-May-17,2
11022,Terbinafine,"Onychomycosis, Toenail","""Hideous fungus under all 10 toenails since age 12, I&#039;m 52 now. My life is changed, since in adolescence and even until today, I have hidden my toes and suffered ridicule and embarrassing questions. Been taking the drug for 4 mths as I write this.  It&#039;s a miracle. Big toenails have cleared beautifully to 50% and all other 8 nails are at 90% or better. Taste impacted minimally(temporary). Liver function normal. Just do it.""",10,2-Jul-08,151
111469,Ledipasvir / sofosbuvir,Hepatitis C,"""Headache""",10,3-Feb-15,41
156581,Dulaglutide,"Diabetes, Type 2","""Initial use info and review. Little dizzy and nausea the first day. So far, blood sugar readings are dropping. Was around 107-117. Now at 83. A1C is at 6.7. Looking forward to dropping THAT number. Next A1C read is in mid July. No other adverse affects so far.

(This &quot;Anti-Spam&quot; verification is ridiculous)""",8,30-May-17,13
173987,Valium,Muscle Spasm,"""My new GP has been recommending Valium for over a year for chronic mid-back/facet joint paint and intermittent neck pain (bad disks from C3-C5) and sciatica/torn labrum at right hip, but I resisted her recommendation.  The chronic back pain flares every night, and often wakes me up and forces me out of bed.  It takes several hours for the pain to recede every morning, which is demoralizing.  Three nights ago I started taking 5 mg of valium at bedtime, and each morning I&#039;ve awakened with less and less pain so that I&#039;m hardly taking any pain medication during the day.  Fingers crossed that I can continue to take this dose at bedtime - the other testimonials on this website are giving me hope that this might be the case!!  Hallelujah!""",9,4-Apr-17,52
143230,Etonogestrel,Birth Control,"""First had implanon then got Nexplanon, had a period first month and I have not had one since. I&#039;m due to remove it next year.  I do notice spotting  sometimes for a day but it honestly  usually coincides with when I&#039;m stressed. 
Had some weight gain also.

So far the best BC I&#039;ve  had in all my years.  I plan on trying for a baby next year then I will be back on it.""",9,21-Apr-17,5
163702,Mirtazapine,Anxiety,"""I have taken this medicine for 7 years. Gained lots of weight, now on Weight Watchers Diet and lost 16lbs so far.  Very happy now. At 45mg had bad restless legs, reduced to 30mg and sleep great 9 or 10 hours. Had intolerable insomnia my entire life before.  Wonder what would happen if reduced it to 15 mg. Also added 20 mg Prozac for daytime energy and works great.""",10,6-Nov-12,51
13252,Amphetamine / dextroamphetamine,ADHD,"""Binders made of lactate are not good for my stomach, the 443 and dark blue pill work best for me.""",10,29-Aug-17,1
90969,Norco,Pain,"""I also have knee pain, shoulder pain, elbow and hand and finger pain.  Norco seems to work best on the knee pain.""",10,21-May-12,19
49530,Ethinyl estradiol / levonorgestrel,Birth Control,"""I have only been on orsythia for about 1 month and I just started my second week of my second month.  I guess I didn&#039;t notice earlier but I started to get slight headaches and I didn&#039;t feel very well physically and mentally.  It do help with my cramps and my period, not so much my acne but it&#039;s better.  The worst part of orsythia has to be the mood swings and the sweating!  I sweat a lot even if it&#039;s cold I&#039;ll start a light sweat, it&#039;s gross.  But the mood swings are the worst I just started feeling this and it happened while I was talking to one of my friends I just blew up on him, for no reason.  Then later on I started to feel really bad(mentally) and I cried for a while and I couldn&#039;t figure out why I was crying! I don&#039;t recommend!""",2,8-Oct-15,7
40746,Leuprolide,Endometriosis,"""I received my first Lupron shot a couple weeks ago. In the past two weeks I have noticed that my pain isn&#039;t as bad or as often and it was before the shot. The down side is the mood swings and hot flashes. I thought I had a few weeks before I started experiencing the side effects, but I guess not. I know that the next six months are going to be rough, but the way I see it...I&#039;ve been suffering for five years already, what is six months of hell to help make it all go away? In my opinion, the Lupron shot is worth it.""",8,9-Jun-12,32
145785,Qsymia,Weight Loss,"""Began taking Qsymia 3.75 in June 2013. Its one year later I have lost 80 pounds. At the low dose I experience few side effects while still suppressing my urge to overeat. I&#039;ve used My Fitness Pal to track my 1200-1500 calories a day menus. No sugar cravings any more. For the last few weeks I have diminished my dosage to 3 times a week as I&#039;ve approached my maintenance weight goal. The weight loss has been easy. Now to figure out how Q can help me maintain the loss.""",10,26-May-14,61
93488,Progesterone,Progesterone Insufficiency,"""After a few days of use I had such horrible itching it prevented me from sleeping. The itching took about a week after discontinued use to subside.""",4,24-Aug-15,8
42603,Concerta,ADHD,"""Some of these experiences are quite alarming! I never experienced the really harsh side effects such as depression, suicidal thoughts and any other bad side effects. I&#039;ve been taking Concerta ever since I was 8. I was taken off of Concerta when I was 21 and I actually went down hill after that. I lost a lot of my friends and I can&#039;t control my thoughts, day dreams and mood swings and my performance at my job declined rapidly to the point where I almost lost it. I am 23 now and just got back on Concerta and am super happy with how it has organized my mind! .""",10,7-Feb-12,43
6471,Ocella,Birth Control,"""I&#039;m 20, 5ft and 97lbs. I&#039;ve been on Ocella for 4ish years now. I originally was on Yaz then Yasmin the. When Ocella came out I switched. For me, the experience was normal. I was moody on my periods (nothing new) and a big decrease in acne! But now I am thinking of switching to a stronger birth control, even though I&#039;ve been on Ocella for so long and love the product I think my body needs a change in medication. I&#039;m becoming a little more irritated then the first 2 years, my nipples are especially tender after my period which never happened before. It&#039;s time for a change. Overall a great product if you would like to see a decrease in acne, no weight gain, no pregnancy scares, no depression or moodiness for the most part. Good for older teens!""",8,2-Feb-13,22
13652,Amphetamine / dextroamphetamine,ADHD,"""I can&#039;t function without it. I&#039;m 20 years old and it turned my life around, the only thing was it gave me heart palpitations but its easily curable with a lower dose. I was taking 20 mg. I&#039;m going to try it 10 mg. Too much makes you stay up for ages.""",9,23-Oct-09,10
217657,Strattera,ADHD,"""This drug works mildly, not as well as stimulant medications like adderall.   Unfortonately while it mildly boosted concentration and motivation it severely increased my anxiety, ,heart rate, and tremors.   Stimulant medications actually decreased my natural tremors.   My pupils were always dialated as well.  To me this drug is a stimulant like super caffeine not a medicational stimulant.""",3,4-Jul-16,8
142190,Levonorgestrel,Birth Control,"""I had Skyla inserted 9/18/15. Never have I ever been pregnant.  I was 26 at the time of insertion. Insertion was VERY painful.  While the insertion was painful it lasted only 2-3 mins. I had slight pain for 3 days with MAJOR bloating.  I spotted every day for 8 months. It was enough I had to wear a panty liner. Eventually spotting stopped. My periods are irregular, when I did get one I would bleed for 15-20 days. It was always dark, thick tissue that I bled. I had severe cramps not only on my period but randomly. Severe 8/10 pain. I just had the device removed 11/30/17. While it did prevent pregnancy and I had minimal side effects. The prolonged bleeding, the pain, and unpredictability of getting my period made me choose to remove it.""",7,3-Dec-17,1
108377,Bupropion / naltrexone,Obesity,"""I have been struggling with my weight for some time now and decided to speak with my Internist to see if she would give me a script for something that would curb my appetite for sweets &amp; fast food. She prescribed Contrave, honestly I&#039;ve never heard of this drug before. Did some research &amp; read everyone&#039;&#039;s comments and honestly, I was frightened by the many side effects. I&#039;m so desperate to lose the weight, I started my first dose today. I took the pill around 7:30 this morning and didn&#039;t begin to feel nauseated until around noon. Since most of the suggestions, said to drink water to help with the nausea. I found when I ate a few saltine crackers the nausea went away. Then came a slight headache. Other than that, I&#039;m fine. Good luck everyone""",9,9-May-15,37
58500,Jolivette,Birth Control,"""Long story short: I&#039;ve never been able to take a BCP that didn&#039;t cause dibilitating side effects until now!!! I can&#039;t believe it!

For years I have tried many different birth control methods including combination pills of all kinds and the ring. With each one, I would have terrible nausea, intractable vomiting, and eventually migranes.

At first, my doctor told me I just needed to stick with it longer. Well, when I had to pull over on my ten minute drive on the highway to vomit on my way to work, I decided I couldn&#039;t do it anymore.

I recently got a new midwife. She suggested this and I&#039;m SO HAPPY. It&#039;s been about a week and I&#039;ve had absolutely zero side effects. Call me crazy, but I think my libido and mood have actually elevated?""",9,14-Feb-16,10
63522,Epiduo,Acne,"""I got epiduo the summer of 7th grade bc my acne was horrible and nothing seemed to clear it up. I went to the dermatologist and he gave me epiduo and a facial wash. by the time summer was over, I had very clear skin. although it took a while to kick in, as long as you are consistent with it every night you will see results. I also had to use a night cream bc it made my face dry. but I just used an over the counter one and it worked just fine.""",10,21-Jul-15,14
5464,Sovaldi,Hepatitis C,"""I am 10 weeks into the 12 week treatment with interferon, ribavarin, and Sovaldi. This is my 2nd time around on treatment. My first was with interferon, ribavirin and Victrelis.  I relapsed  the first time and was very very ill during the entire 7 months. This treatment with Sovaldi is a cake walk. The side effects are so minimal compared to last time. I am ill, weak, have insomnia, bone pain and fever but I can do this for 12 weeks if it means a cure. I am so thankful for Sovaldi. I was very hesitant to start treatment again but I am so glad I did. My insurance covered some and Sovaldi covered the difference up to $5 per month. Thank you.""",10,3-Jul-14,36
91050,Norco,11</span> users found this comment helpful.,"""I have suffered with low back pain - 2 surgeries for spinal fusion as well as any other procedure out there.  I now have a rod in my spine with 6 screws to secure a failed fusion.  I have been on Norco for two years and tried going up to oxycodone or percocet and found the Norco much more helpful so switched back.""",9,15-Mar-09,11
64773,Sertraline,Anxiety and Stress,"""Istarted taking Sertraline 11 months ago due to anxiety caused through major life traumas and problems but work tipped me over the edge.  I felt like i was unable to smile fuction talk and walk some days horrible feeling so went to Doctors and started treament.  No side effects and after 2 weeks the black cloud lifted from my life!  I cant tell you how brilliant i feel im generaly happy calm and do not over react anymore.  I do not plan on coming off this medication at all... I am 52 years old.""",10,9-Jul-15,100
14638,Mylanta,GERD,"""Works every time.""",10,5-Apr-13,16
199374,Depo-Provera,Birth Control,"""I have had no negative side effects wit this birth control. I have tried about ten different kinds of birth control pills before trying Depo and all of the pills made me an emotional mess. I have no complaints about Depo, I didn&#039;t gain weight, no periods, no crazy emotions.""",10,14-Aug-15,5
261,Medroxyprogesterone,Abnormal Uterine Bleeding,"""I have been using the Depo for 2 1/2 years now. I noticed during the first year I would spot lightly when I usually got my period and my cramps went away. After the first year my period pretty much went away for the most part. However, when I do occasionally get spotting, it lasts for about 2 weeks and it comes at random times. In the past year I can recall it happening three times. For me it still beats getting reglar periods and it has taken away my horrible cramps so I deal with it. The pill always made me sick no matter what brand I tried so that is another plus with the Depo.  But everyone is different and everyone will react differently.""",7,27-Oct-14,41
146565,Tamsulosin,Benign Prostatic Hyperplasia,"""I had brachytherapy and it  helps me pee a much heavier stream but I still feel like I have to pee all the time.  When does it end?""",8,14-Oct-15,9
158928,TriNessa,Acne,"""I was on orthotricyclen which really cleared my skin but my new doctor decided to switch Bc on me to trinessa and I&#039;ve been getting more than the typical one or two on my cheeks. And I never break out on my forehead but I started to with trinessa. Trinessa is horrible in helping acne!!""",3,22-Sep-17,2
185961,Goserelin,Endometriosis,"""The horrible side effects (even with HRT) were not worth it. The hot flashes, joint pain, mood swings, depression and long-term effects on my bones were NOT worth it.
I really wish doctors would stop trying to give me this as it only does harm.
Endometriosis can only be helped by EXCISION by a skilled surgeon, and will only last for up to a few years. Please stop getting doctors to postpone proper treatment with this.""",2,12-Apr-16,13
98471,Nexplanon,Birth Control,"""I got the Nexplanon in August, 2 months after having my 2nd son. I had my period September but for 3 weeks! I hated that part. It is now October and I haven&#039;t had my period. I am going to take a pregnancy test, just in case. But I hope it&#039;s just the birth control causing me not to have started yet.
Other than that I love this form of birth control and will definitely get it again. I did have hives and still get them but its nothing manageable and not enough to give it a bad rap.""",10,14-Oct-14,5
170871,Quetiapine,Bipolar Disorde,"""I have been taking Seroquel 200mg for over a year for Bipolar Disorder. After years of taking antidepressants I couldn&#039;t figure out why they weren&#039;t working.  I was having really bad manic episodes that would last days to weeks, in which I was staying up for days at a time, spending money I didn&#039;t have and extreme OCD.  My anxiety and mood swings were spinning out of control and I was failing as a mother.  I started therapy and Seroquel and noticed an immediate difference in my manic episodes and insomnia.  I gained weight at first but have since lost it over the course of the year.  I am taking Aderrall during the day and I am back in college, working as a full time accountant and am able to relax at night with my family.""",10,4-Dec-11,30
14496,Testim,"Hypogonadism, Male","""Started using Testim but had ups and downs and stunk like bad perfume and was changed to Androgel. Like it&#039;s smell and dries really well but my level is going backwards again. Thinking about going back on Testim.""",7,20-Sep-13,22
2448,Emend,"Nausea/Vomiting, Postoperative","""I always get nausea and vomiting with anesthesia even when taking other anti-nausea meds. Was given Emend prior to gallbladder removal. Woke up with absolutely no nausea. Worked great for me!""",10,3-Aug-16,1
158491,Methylphenidate,Depression,"""Methylphenidate has changed my life.  My depression is almost nonexistent now.  I have also stopped dwelling on problems.  I take 54 mg methylphenidate xr, along with 225 mg effexor xr.""",10,12-May-15,54
29709,Topiramate,ibromyalgia,"""I didn&#039;t like Topamax. I became very paranoid, anxious and since I have been off of it I still have mild side effects from it. Not a good experience. Glad it works for some.""",1,10-Aug-11,42
141645,Escitalopram,Depression,"""I am a 35 year-old female. I&#039;ve always been a melancholic person (given my family history of anxiety and anger issues) but when I was younger, I have been able to experience some happiness. As I got older and had two kids, it got worse. I would get angry or sad at a drop of a hat, after which I would sink into depression. It also became more difficult to manage stress and anxiety. I began seeing a therapist who suggested that I get a physical with my primary care physician and ask if I can get a prescription for anti-depressants. I was put on 10 mg. of Lexapro. During the first few days, I was light-headed, groggy, and aware of every sensation in my body. I was also very thirsty. After a week, I felt the benefits. I feel happy again.""",10,3-Nov-12,81
20959,Acyclovir,Herpes Simplex,"""If you get a cold sore outbreak in your mouth. Don&#039;t walk, RUN to the nearest medical practitioner that can give you a prescription of Acyclovir. Usually an outbreak would last me 3 weeks with just using over the counter creams. With the medication, my mouth was back to normal after 4 days.""",10,27-Jun-12,36
210282,Linzess,"Constipation, Chronic","""Severe bloating , abdominal pains. When it does work , I get diarrhea along with cramps.  I actually think this made me more constipated.""",3,13-Aug-15,22
145840,Qsymia,Weight Loss,"""Made me jittery and could not sleep. Lost weight but side effects were very bad. Doctor switched me to Belviq. See what happens. No insurance coverage yet. Still fighting for it with them.""",1,21-Aug-13,59
138290,Orthovisc,Osteoarthritis,"""This is my third round of orthovisc. My great fear was the pain during the injections as well as after. I got the first round last Monday. The first knee was killer!  For the other knee she used lidocaine type medicine and then the orthovisc. Easy peazy!!!!!  I am eager to get back on my bike and ride until winter gives me no choice but to stay indoors. I am grateful for orthovisc. I&#039;ve had 3 years of success - although I do NOT recommend waiting a year between treatments. It was a bad decision for me.""",8,8-Oct-15,30
850,Silodosin,Benign Prostatic Hyperplasia,"""52 hrs old, I started taking Flomax for BPH. It completely blocked my sinus. So I asked for something different. My urologist prescribed Rapaflo, but they blocked sinus was even worse and it cost me 260.00 for 30 pills! Horrible medicine! Avoid at all costs.""",1,14-Feb-17,10
220053,Amitriptyline,Insomnia,"""I have been on Ambien for many years and it stopped working for me. My dr. has tried some other meds, but so far nothing seems to work. I&#039;ve been on Elavil for about a week now and it seems as if I&#039;m taking a sugar pill. It&#039;s just not working for me I wish it did work as well for as it has for others.""",1,19-Apr-16,15
127009,Metoclopramide,Gastroparesis,"""I started this medication for Gastroparesis after 11 months of not being able to keep anything down. I noticed it helping after first two doses. I was so excited until the awful side effects started. Drowsiness to the point I couldn&#039;t function, severe stomach and back pain and bowel issues. I had to stop after 5 days in order to be able to take care of my family. So disappointed.""",1,3-Jan-16,15
203288,Indomethacin,"Gout, Acute","""Having suffered gout a couple of times a year, indomethacin was my drug of choice, combined with  omeprazole to protect the stomach. Although it did often make me drowsy and slightly upset my stomach, the pain relief was quick and inflammation would ease quickly. BUT... always continue to take the prescribed dose until the flare up has completely cleared. This time I didn&#039;t and it came back with a vengenance, to the point indo had no effect. Now on colchicine instead which, after 24 hours, has had no effect and does not relief pain so I am in agony (GP never thought of that!). Praying this new drug begins to work soon - two nights without sleep.. keep taking the indomethacin until everything has gone... Am starting anapurirnol ASAP""",7,26-Jul-17,7
216074,Copper,Birth Control,"""I can only review the insertion as I have just gotten Paragard today. I am in my 20s and have never had a child or iud. I was prepared for the worst, but in reality it was about 30 seconds of discomfort, followed by a few hours of light cramping. No actual pain, and insertion was not accompanied by bleeding.""",9,16-Sep-15,10
56826,Meclizine,Motion Sickness,"""I didn&#039;t get motion sickness until AFTER we got off our 7 day cruise.  I have been fighting nausea and dizziness for a week now (The doctor said it is normal to suffer this after a cruise), after reading these reviews, I went and bought Bonine. I took one pill and I feel great!  Sure wish I had researched this a week ago!""",10,18-Jun-13,54
118353,Naltrexone,Opiate Dependence,"""I have been a heavy opiate user for 15 years.  I did have years staying &quot;clean&quot; using soboxone but once I got divorced I became depressed and relapsed.  My addiction took off and I ended up using IV heroin and at that point trying to go back and use soboxone to stay clean was impossible. It took a overdose and 30 day treatment to make the decision to get the injection and it saved my life, best drug in the world.  I know people have fears of breaking a bone or being in severe pain while being on a long lasting opiate blocker but as a paramedic there is 1 opiate narcotic that will not be blocked by vivitrol...I won&#039;t tell you which but all docs and paramedics know...so have no fear, DO IT! I have never been happier""",10,20-Oct-15,88
150304,Sulfamethoxazole / trimethoprim,Urinary Tract Infection,"""I took this antibiotic the second time I had a UTI. I had a quantity of 28 pills, but I was only meant to take 14 in a course of 7 days.  (why would they prescribe me 14 more pills !?)
So, after my 14th pill, my UTI symptoms never stopped. So I took the 15th pill. Immediately, I broke out in hives and rashes all over my body. so I stopped taking the antibiotic. The rash was so violent and itchy, I had to go to the emergency room where they gave me an IV with saline, benadryl, and steriods to help with my allergic reaction. 
many other people have allergic reactions  on this antibiotic. As if she wanted me to overdose
So please, I beg of you to do your research on this antibiotic. It could be life threatening!!""",1,11-Dec-17,0
194660,Gilenya,Multiple Sclerosis,"""I have been on this medication for a month and I have not experience one side effect.  SO MUCH better than the shots. We will see later if it is as effective as they say it is.""",10,20-Jan-11,93
219810,Amitriptyline,Migraine Prevention,"""Wanted to share this with everyone. I was given this mediation 6 years ago. I had a lot of problems like fibromyalgia, migraines, depression, insomnia, IBS -C. I was taken a lot of different meds for all these problems, but nothing worked. When I was first put on this medication at 25mg I could sleep for the first time in years. I was waking up on the morning refreshed and happy. I noticed about 6 months later my migraines were not as often as I normally would have them. As time went on I needed my meds to be increased. I now take 150mg. This drug is a life saver. My fibromyalgia pain is less, migraines less, anxiety way less and it also improved my IBS C symptoms. I would recommend this Medication to anyone with any of these problem""",9,13-Jun-17,36
225955,Bupropion,Depression,"""Wellbutrin has significantly improved my overall concentration above all else. For the first time in many years, I have been able to actually sit down and read contently without my mind wondering. I wish I had this medication before I graduated from university, my grades would probably have been much better. I take this in combination with Cipralex. I have had no side effects with this medication.""",8,8-Jun-09,46
199540,Depo-Provera,Abnormal Uterine Bleeding,"""I thought the shot would be easy due to the fact of taking it every three months compared to the pill taking it everyday, but the shot does not work for my body! I have been bleeding for over a month now. I am going back to the pill.""",7,5-Nov-14,92
31957,Miconazole,Vaginal Yeast Infection,"""Usually 7 day without issues. Well tried the 3 day and boy the itching and irritation is super intense for a while on day 1. Mercy! I&#039;ll be going back to the 7 day in the future lol.""",9,4-Apr-15,15
212128,Lamotrigine,Bipolar Disorde,"""I have taken Lamotrigine for years. It has been effective but I have gradually had more side effects.  These reviews have been very helpful as I thought some of my problems were created by the sun, humidity or allergy.  Over time and sporadically I have had more nausea, chills, a lot of itching. If I scratch the itch at all the skin turns bright red and spreads along with itching.  The itching is horrible.  3 days after 50mg increase I have all the above side effects plus sweats, chills and flu like symptoms. Have extremely strange dreams and nightmares.  I didn&#039;t have these side effects when I first started the medicine. They started gradually and I think it is time to look for a different medicine.""",8,25-Jun-14,16
33513,Microgestin Fe 1 / 20,Birth Control,"""Yes it is effective as a birth control contraceptive. The side effects I have had loss of sex drive, moodiness, weight gain and an irregular menstrual cycle. I stopped taking that pack of pills the end of January 2014 as of now I have yet to have a menstrual cycle. Something is right.""",4,12-Mar-14,16
3183,Nitrofurantoin,Urinary Tract Infection,"""I have Spina Bifida and Hydrocephalus. I have a complicated internal body structure. I have been very very tired and after reading the side effects I do believe taking nitrofurantoin is the whole cause. Three days and I&#039;m on my last day of taking the drug. I am a resident of England and was born here so I&#039;m not insured. I am a NHS patient.""",7,17-Nov-16,2
30247,Klonopin,Panic Disorde,"""I have been taking Klonopin for MANY years. I started having weird feelings, like I was going to die, I kept ending up in the ER. The doctors kept telling me it was Anxiety. I DIDN&#039;T understand why anxiety would make me feel this way. When the Anxiety would kick in, I literally thought I was dying. My heart would race, my body would get tingles and I would feel chokingness. It was scary and still is. I have tried many, many anxiety medicines, Paxil, Effexor, Xanax, Lamictal, Geodon, and many more. NONE have worked the way Klonopin works. With Klonopin I feel safe and I do not get the jittery feelings. I am so grateful to have a medication that actually works for me. If I miss a dose I will get severe anxiety and a panic attack.""",10,17-Oct-12,93
140512,Escitalopram,Anxiety,"""I have been self medicating for years with tramadol. I suffer from anxiety, panic attacks, and depression. I was taking way to much tramadol to cope with life and was spending money I didn&#039;t have to buy it! It&#039;s a miracle that this drug works so great! I was at the point where all I did was sleep and dodge all things social! I&#039;m only on day 3 and I already feel the pre depression me returning! Oh, I also take vistaril when the panic and anxiery really hits! I&#039;ve only taken my 10 mg Lexapro and one 25 mg Vistiral this morning and I feel great! It doesn&#039;t give me the euphoric feeling that tram does but this is so much better! I almost feel normal! If I feel this great already I can only imagine how much better it&#039;ll get!""",10,30-Oct-16,25
227611,Etonogestrel,Birth Control,"""I&#039;ve had it for three years now. I had my period one about every six months which left me with horrible cramps. My arm still sometimes hurts where it was inserted at. Other than that it&#039;s great. I think if you get on a birth control it should be this!""",4,4-Jun-12,1
3245,Nitrofurantoin,Urinary Tract Infection,"""I am 6 weeks pregnant and ended up with my first UTI. I was prescribed Macrobid because I am very allergic to Sulfa antibiotics, which landed me in a hospital a few years back. Upon reading the reviews I was so incredibly terrified to take this medication, but I had no choice. I&#039;ll consider myself lucky, but so far I have found that Macrobid is actually quite tolerable. I&#039;ve been a bit more tired and achy than usual and had some mild nausea, but nothing too severe. I have found that taking with a full meal is critical and drinking TONS of fluid (water/Gatorade) helps with side effects. But for me this is really a reminder to take reviews with a grain of salt - you really have no idea how your body will react until you try it yourself.""",9,26-Sep-16,27
187681,Codeine / guaifenesin,Cough,"""I tried this brand for the first time. My previous option makes me drowsy.  Back to the point,the only thing robitussin has done for me is caused gas and random bowel movements.  No help in the intended propose.""",1,5-Dec-16,6
210730,Mirtazapine,Insomnia,"""Pros: I can sleep through the night &amp; my appetite has come back
Cons: All I want to eat are sweets &amp; I eat more than normal
I was prescribed mirtazapine by my psychiatrist because I was waking up every three hours during the night. I was never getting any true, restful sleep. Now, I sleep through the night with NO nightmares.
Another reason he prescribed it to me is to gain some weight. I&#039;ve always been skinny but I have battled with anorexia in the past. Recently, due to lack of appetite, I lost 5 pounds. I was already 120 pounds so I didn&#039;t have much to lose to begin with. I got my appetite back and I feel like a bottomless pit. I want sweets more than anything. I feel like I eat so much more than I did before I started this medication.""",8,7-Feb-17,37
168245,Rizatriptan,Migraine,"""I have had migraines since I was 12 yrs. Old, I am 67. As a child I just suffered all the time. When I was in my late 20&#039;s, fiorinal was the answer. It did help. There have been a couple of others (can&#039;t remember the name). Then imitrex came out. Didn&#039;t work. I did not find relief, even with addition of percocet until maxalt came out. Thank heavens. Mostly 20 days per month. I learned very quickly first sign for me is a slice of pain, then I immediately take the maxalt. Within a half hour, 99% gone. I have been so fortunate to have medicine coverage through private employer insurance with reasonable copay, otherwise it would affect my ability to support myself. I take over 12 meds per day..No interactions""",10,1-Mar-13,4
44448,Ethinyl estradiol / norgestimate,Birth Control,"""I was on Ortho Tri-Cyclen Lo for about 2 months. Couldn&#039;t continue with them due to the side effects. I was terribly hormonal and I wanted to eat everything in sight. I cried all the time and everything made me upset and moody. At the time I was 17 (now 18), 5&#039;4&quot; and about 118lbs. It made me gain weight and go up to 126lbs that I now have trouble getting rid of. Hope this helps!""",1,16-Jun-10,10
198434,Exenatide,"Diabetes, Type 2","""My a1c is in the normal range now, and I have lost 42 lbs. All my labs are great due to the weight loss. I have been on 10mcg for over 2 years. My last a1c was so good last time, my doctor wants me to decrease to 5mcg. I have been to several dermatologists over the last 2 years trying to figure out why I am having hair loss, unhealthy hair, and change in texture. I never wanted to attribute it to the Byetta although the hair loss started a few months after I began taking it. I am now so desperate to stop the hair loss, I&#039;m considering stopping the Byetta. I can&#039;t decide which would be worse - being bald or gaining back 42 pounds! I would really love to know if the person who recently posted had any hair regrowth after stopping Byetta.""",10,20-Mar-13,33
63515,Epiduo,Acne,"""This product has worked 100% for me. It did take a full 3 months to show full effect but truly- that&#039;s it- one year on and I no longer have acne at all ever- gone!!!
I have had regular breakouts since I was a teenager and at aged 42 I had finally had enough of the itchy lumps and bumps. Sometimes these spots would come to a head, other times, just linger for weeks. My face look dirty and dull and often felt sore either before I squeezed a spot or after.
 I was prescribed Epiduo by my GP in Australia and although I did have some initial redness, soreness and peeling, my skin quickly adjusted and now for the first time since I was 10 years old my skin is clear, everyday, all year round. No breakouts, I just wish I&#039;d given it a try years ago""",10,9-Aug-15,19
62170,Citalopram,Anxiety and Stress,"""For the past few years I think I have suffered from anxiety. Couldn&#039;t really put my finger on it until thanksgiving day. Everything was fine until it hit me out of no where. I remember feeling like my future was doomed. I couldn&#039;t concentrate, I felt like I wasn&#039;t myself. I completely lost it. It was like I was losing grasp of every aspect of my life. I cried and thought I was losing my sanity. It was the scariest thing I had ever experienced. After seeing 2 doctors the medicines they prescribed either didn&#039;t help or maybe my anxiety got the best of me but finally my mom made me go to the ER and they gave me Celexa. The side effects where pretty bad but I stuck it out and I must say that almost 3 weeks in I&#039;m feeling back to myself.""",9,31-Dec-13,153
27677,Colazal,Crohn's Disease,"""Colazal completely rid me of all Crohn&#039;s symptoms after years of suffering. I&#039;m worried now, after 4-5 yrs symptom free I need a kidney transplant. Will I still be able to use it if I get a flare up?""",10,7-Jul-11,5
210110,Linzess,"Constipation, Chronic","""62 year old male, diagnosed with IBS-C at age 57.  The product literature for Linzess says it is not a laxative, but with me it operates just like a laxative.  I take it on an empty stomach, it works in 3 hours, it causes the same sort of watery stool as mag cit, but it is finished after 3 trips rather than 20, and my doctor says Mag cit will cause kidney damage, Linzess won&#039;t.   I took Amitiza intermittently for 5 years, 16 mcg at a time, usually with similar results.  This notion that Linzess causes less cramping during buildup or that it calms the colon seems like marketing jive.  I wish it came as a tablet that could be cut, I think the standard dose is too strong for me.""",8,9-Oct-16,22
210029,Fiorinal with Codeine,Headache,"""Have been taking for 40 plus years for migraines.  I use Fiorinal 3, only when Fiorinal does not work.  No side effects at all.""",10,16-Nov-15,12
131606,Effexor XR,Anxiety,"""Average-- not satisfied -- symptoms continue""",4,1-Mar-17,5
118626,Drospirenone / ethinyl estradiol,Birth Control,"""I&rsquo;ve been taking Yasmin for 6 years now and have had no issues! I switched to a cheaper brand that was similar to Yasmin for a couple months and I started to get multiple bladder infections so I switched back to Yasmin. Still no problems other than decreased libido.""",9,10-Dec-17,0
143379,Etonogestrel,Birth Control,"""Had this for 1 year &amp; 1 month to be exact. First 5 months were horrible. Irregular periods &amp; I always felt like I was pregnant, but as months went past... my periods became regular again &amp; I always forget I have it in my arm. Very effective, really does prevent pregnancy! My only concern is when it&#039;s time to come out, I&#039;ve seen too many videos where it was hard for it to come out.""",8,18-Feb-17,1
55371,Bupropion / naltrexone,Obesity,"""I just started my 3rd month on Contave. I am currently down 26lbs. I did not notice a change in appetite until week 4-6. I did figure out if I take before dinner (not after) I eat less. I can not even eat 1/2 of what I used to eat. My only problem is terrible cotton mouth, jolly ranchers have become my best friend.""",10,5-Nov-15,14
30096,Klonopin,Panic Disorde,"""I was born into the middle of WWII in England and have Post Traumatic Stress Disorder. Also was sexually assaulted at the age of 4 yrs. I came over here to the States at the age of 13 and it all went downhill from there. I have major depression and have been on Prozac for many, many years. I have also been taking Klonopin for as many years and it has given me some kind of normal life. I used to get the tremors so bad that the ambulance people thought it was a grand mal seizure attack. I still get these attacks once in a while but with the help of Klonopin I can actually calm myself back to a normal state of being. I wouldn&#039;t call it a wonder medicine but it certainly helps me.""",10,12-May-14,73
8673,Zolpidem,Insomnia,"""For me, it was not quite as good as Restoril and Dalmane, but it is right up there.""",8,5-Oct-09,5
32140,Wellbutrin XL,Depression,"""I knew it was risky to take an antidepressant given my symptoms but I was having trouble in my daily life and needed help. I began taking Wellbutrin XL 150 mg and for the first week I felt an increase in suicidal thoughts, tremors, and psychomotor agitation. It felt like I was going to die. After that week, my psychiatrist added Klonopin to help control these side effects. Since then, I have had an improvement in quality of life, which is all I can ask for.""",6,25-Jun-13,42
198026,Metoprolol,High Blood Pressure,"""I took Lopressor for 24 years it worked very well in lowering my blood pressure and even calming my anxiety but lately it doesn&#039;t work on me very well as before, I guess the doctor will change it.""",10,24-Jun-14,55
172823,Clonazepam,Anxiety,"""Many people are unreasonably scared of Klonopin&#039;s bad withdrawal dramas.
Well... It is true. It is a painful process to get away from Klonopin once you stepped into its comfortable zone, but I want to say I would rather feel relaxed and comfortable than struggling with unnecessary anxiety caused by Neurotransmitter unbalances. 
This medication truly gave me a freedom from fear and agitation and get back to my life.""",10,9-Nov-14,261
139950,Climara Pro,Postmenopausal Symptoms,"""I started this medication because I had to stop taking the oral, which worked wonderful so switched to transdermal. Shortly after starting the patch I had a constant dull headache but thought maybe my body needed to adjust so I continued. On my second week the headache continued and my joints started bothering me and then progressed to body aches, feeling like I had the flu. I also had stomach issues with excessive burping and gas. No energy, emotionally feeling blah. I took the patch off to see if symptoms would improve. Overnight the achy body is gone but still have the mild headache no stomach issues so far. This medicine is not cheap even with insurance and I am now contacting the pharmacy to see if I can return my 90 day supply.""",3,8-Dec-15,4
28999,Lexapro,Depression,"""I am a 33 year old mother of 2 who was ready to give up on life.  Started taking 10mg of Lexapro and eventually increased to 20mg.  Have been taking for about a year and a half.  Although still dealing with a few side effects, (insomnia, weight gain, and waking up with headaches), Lexapro has truly saved my life.  I can now be the kind of mother and wife that my family deserves. """,9,20-Jul-08,46
171020,Quetiapine,Insomnia,"""I completely support the first review. I have had insomnia for many years and tried everything from herbs to drugs. And only this could help and provide a good rest during the night. I have already taken this medication for over 5 years, about 25mg not more. It is enough to get 8 hours with no dreams sleep !""",9,14-Nov-09,60
15583,Ethinyl estradiol / norethindrone,Birth Control,"""I&#039;ve been on this birth control for about 3 years and it has been great. It does the job. I thought iId write this review because I didn&#039;t see many write ups about the generic version (MyLan) and I have been on both the brand name (Generess) for about 2 years or so and then switched to the generic for price purposes and have been on that for at least a year. I started Generess when I was in highschool because I had really uncomfortable heavy 7 day periods and was also in a long term relationship. I am now in college and when I switched to the generic version I had no change in side effects or periods. I very rarely get a period (5&#039;4, 115 pounds) and had no weight gain that I can attribute to the pill. My skin is clear and never got pregnant""",10,9-Dec-16,4
102720,Aripiprazole,Autism,"""My stepson is now 13 years old and has been on 5mg dosage of Abilify for about 2-3 years.  We discovered it when we saw a commercial for a study involving autistic children with aggressive tendencies.  Since then, his behavior has improved 100% at both home and school.  The only side effect, as mentioned by others, is weight gain.  To this I say, take a more active role in your kid&#039;s diet and force him/her to exercise.  This will offset the side-effects while still reaping the benefits.""",10,7-Feb-14,141
125185,Dulcolax,Constipation,"""DRINK LOTS OF WATER!!!!!
I go every morning like clock work. 
But due to surgery I had to take pain killers and I wasn&#039;t able to go for 4 days. My friend (who takes it regularly due to her celiac disease which causes her a lot of stomach issues) brought me a pack for me to use and she told me water is the key and it&#039;s true.  After I took one, I read the reviews below and freaked.  You only need one. I took 1 pill at 7:30pm and with two bottles of 750ml of water. At 8am I started to feel a little cramp &amp; a light body ache and I had my bowel movement. Then another one 20 mins later and a third about an hour later. I had smooth clean bowel movement each time. 

DRINK WATER and 1 PILL!!!!!!""",10,1-Oct-16,16
107729,Implanon,Birth Control,"""It&#039;s a great birth control... but only because I have had a heavy period (that my doctor is prescribing me birth control pills for) so I am not having any sex with my husband. No one told me I wouldn&#039;t stop having a period.""",3,2-Feb-10,1
217575,Clarithromycin,Otitis Media,"""Started taking for a sinus infection.  By day three the searing ear pain was gone totally, my facial swelling was gone and my acne really improved!  There is a really funny taste in my mouth, but I notice it got better when I drink a lot of water. Great experience overall.""",10,13-Jan-13,16
177575,Duloxetine,Chronic Pain,"""Have had pain all my life, some is from fibromyalgia. Cymbalta worked well for pain such as the electrical zapping sensations. However, it is much too expensive and was not very effective for anxiety or depression.""",7,18-Oct-15,29
133751,Bactrim DS,Upper Respiratory Tract Infection,"""Best antibiotic I&#039;ve used. I&#039;ve never had a problem. And it always get rid of the problem.""",10,9-Sep-14,14
200059,Varenicline,Smoking Cessation,"""Worked great!! A miracle! I smoked for 33 years and have now been smoke free for 4 1/2 years!!!""",10,26-Oct-15,26
60484,NuvaRing,Birth Control,"""I love NuvaRing.  It&#039;s so much easier than the pill and it makes me feel safer because it&#039;s a lot harder to mess up.  The only problem is that it&#039;s really expensive.""",10,21-Jun-08,37
104508,Ethinyl estradiol / levonorgestrel,Birth Control,"""I have been using Aviane for almost a year now and I would have to say that the only side effects I noticed was my skin has been a little bit more oily and I get 3 to 4 days of spotting before my regular period. Because of this the doctor is making me switch to Ortho Tri Cycen Lo, hopefully I don&#039;t run into any problems but I don&#039;t even want to switch. I love Aviane.""",7,17-Oct-11,0
133637,Bactrim DS,Urinary Tract Infection,"""I&#039;m on my 4th day of the dosage. Since day one of taking it I started vomiting a couple hours of the dose. Been like that ever since, vomiting and diarrhea all day.  Today I started eating yogurt after taking it on recommendation of the pharmacist. It has helped some and cut down the severely and frequency of the vomiting  and diarrhea but hasn&#039;t eliminated it. Can&#039;t wait to reach day 7 to be done.. I called the doctor, only thing he said was I had to keep taking it or I&#039;d be admitted to hospital. Screw that I&#039;ll deal with the stomach issues. Good luck to you if prescribed it and try the yogurt it helps. BTW, pepto will make you immediately puke if you try to take some while on bactrim. I dunno why, but from my personal experience it does, beware!""",3,26-Aug-17,10
218289,Amoxicillin / clavulanate,Upper Respiratory Tract Infection,"""I was prescribed this to treat my sinus infection. It&#039;s been almost two days now and while I feel slightly better, the nausea and upset stomach is too much for me. I have eaten both yogurt or rice before taking it and I still get very sick. It is also making everything I eat seem extremely salty. Even when I breathe, I taste salt. I&#039;ve called my doctor and they&#039;re changing my antibiotic to something else. Apparently this one is making my potassium levels rise too high.""",3,29-Dec-14,22
38585,Liletta,Birth Control,"""I am 21 years old, First time on birth control although I had looked into options before but decided I wanted to have a baby. I had a miscarriage a month ago now I don&#039;t want to have a baby so close after so I needed a B.C. method I wasn&#039;t going to forget (pills) or have to go in regularly for (depo) so this seems like a good fit. Insertion was painful but it only lasted about 2/3 minutes and felt like sharp pinching/poking. I feel some cramps (not too bad) and some spotting. I read other women went when they were on their period I still hadn&#039;t had my period again but when I do it&#039;s moderate lasts about 4 days. I get more cramping then bleeding. I will update with how it affects my period or if cramps continue because this is just day 1""",6,5-Apr-17,2
128972,Levonorgestrel,Emergency Contraception,"""I hope my experience helps someone. I&#039;m 20 years old and had unprotected sex with my boyfriend on 11/04. It was about one week after my period had ended on 10/27 and technically during my sugar pill week. However, I missed a few pills during my month and knew I was not fully protected. The morning after I experienced bright red bleeding and feared that it may have been implantation bleeding (unlikely). I panicked and took Plan B 48 hours after. My period was one week late and came on 12/04, ~ one month after I took Plan B. I experienced extreme tiredness, swollen breasts (increased a cup size), cravings and light cramps all similar to pregnancy symptoms! Don&#039;t panic. Allow your body to adjust there&#039;s a great chance you aren&#039;t pregnant!""",9,7-Dec-15,35
23974,Tolterodine,Overactive Bladde,"""Took it for 2 weeks and my condition got worse. Not worth the side effects--dry eyes, mouth and skin, lethargic and sleepy. Had to go 5-6 times a night and sometimes 10 times before lunch.""",1,11-Mar-12,29
45767,Fluoxetine,ibromyalgia,"""Helped me to stop crying on a daily basis which I was doing because of my Fibromyalgia pain. Still have the pain, but have a better attitude.""",7,8-Aug-11,54
109424,Nexplanon,Birth Control,"""I&#039;m sixteen years old and yes it had prevented pregnancy and it makes me feel protected. I didn&#039;t experience mood swings, depression or anything emotional wise. I did gain about 10 pounds and I can&#039;t say that I&#039;m complaining lol. Although honestly I hate it my doctor asked me to come in and get it in while I was on my period. After that i never got off my period and I got a nasty discharge. So I went back to my OBGYN and gave me some pill to &quot;fix my period pattern&quot; which made it worst. I took all the pills and I&#039;m still on my period everyday and it&#039;s very heavy.I don&#039;t  recommend this I don&#039;t recommend birth control at all forget sex this is not worth it and I regret it all.""",5,4-Dec-16,10
74787,Keppra,Seizures,"""My 8 year old was put on Keppra for complex partial seizures.  Except for some initial tiredness in the first two weeks she has had no side effects.  She takes 250mg twice a day.  She even won her age group in a 1mile race two weeks ago and her competitive soccer team won their soccer tournament this weekend thanks to some of the goals she scored.  I have noticed no difference in her school work or personality.  I am so thankful for this medicine that my daughter can continue her active life seizure free.""",10,15-Jul-14,77
184517,Hydroxyzine,Anxiety,"""I have horrible anxiety problems, so much so, it makes me physically nauseous and vomit. My stomach will turn and no appetite. After taking hydroxyzine 10mg 4 times a day, my nausea is gone. I feel like I have my life back. I was losing weight and much needed nutrients. Nothing has helped me like this.""",7,8-Jul-12,38
79893,Blisovi Fe 1 / 20,Birth Control,"""I just started 2 months ago I&#039;m entering my 3rd month today but I can say that it&#039;s going okay so far considering that I have tried other birth control and they were awful but so far my two periods have been light between 2-3 days light cramping so that a plus I also feel more tired been sleeping extra hours but the birth control seems to be working in going to keep trying it and see how it keeps working . And about acne before I started this birth control I had blackheads , whitehead and I would get a few pimples it hasn&#039;t changed much some days I notice my face looks cleaner with less acne than others but I never really have had a lot of acne .""",6,31-Jul-17,3
20878,Ramelteon,Insomnia,"""I took this for one week.  It did not help me get to sleep at all. On the first night I was awake ALL NIGHT LONG.  Second night I finally fell asleep at 3am. I had to start back on Seroquel to get to sleep at all.  I have stopped taking Rozerem because by the 6th night I had an AWFUL headache. Tonight is night two without Rozerem and I am hoping that by the time I wake up tomorrow it will be out of my system and the headache will be gone.""",1,3-Sep-09,5
88076,Clindamycin,Surgical Prophylaxis,"""Within a few days after minor knee surgery I have had serious loose stools several times a day for four months.""",1,1-Jul-14,4
23202,Methadone,Chronic Pain,"""Stomach cramps every day and night""",7,17-Feb-15,15
21977,Infliximab,Psoriatic Arthritis,"""I have severe psoriatic arthritis and I&#039;ve had it since I was 18. I&#039;ve been on remicade for almost 10 years and I have almost no pain. My joints get a little stiff close to my infusion but that&#039;s it. It is my miracle drug and I owe my life to it. I would be crippled without it.""",10,6-May-15,20
46173,Rabeprazole,Erosive Esophagitis,"""I was on other proton pump inhibitors but had a constant headache while using them. Aciphex relieves my symptoms with no percieved side effects. Great drug and I&#039;ve been on it for over 10 years. I have no evidence of further esophageal erosion and have been diagnosed by biopsy of having Barrett&#039;s esophagus. I can eat anything now.""",10,5-Apr-08,43
42217,Dexilant,GERD,"""My Dr. prescribed this after 80mg of Nexium stopped working but after a week of Dexilant, I&#039;m stopping it because of the awful flatulence and abdominal pain starting about 12 hrs after taking it.   So glad to get validation here that others have had similar problems since the patient info says this only happens for a small amount of users.  """,4,7-Nov-12,71
205363,Pristiq,Depression,"""I took pristiq for a month, one pill a day,
I&#039;m currently tapering myself off of it now because it has caused the following effects:
Loss of any emotion
Uncontrolable shaking
Inability to feel hungry or full 
&amp;
Inability to feel pain 
I&#039;m 16 and this anti depressant is for 18  but my gp thought it was a good idea to prescribe it for me? I don&#039;t think I&#039;ll ever take another anti depressant again I&#039;d rather feel everything than nothing.""",1,5-Dec-15,12
66572,Seroquel,Bipolar Disorde,"""I have been on 11 meds in 5 years.  MDD re diagnosed as Biplar1 three years ago.  Seroquel works for me.  Started on 25 mg q.d. But after psychotic break out am up to 400mg.  Plus 900mg Lithium.  I think we&rsquo;re getting close to right cocktail including Adderall and atavin when required.  No weight gain but have had eating binges.  Makes me sleepy but I&rsquo;m ok by 10:00 am with sheer guts and. Coffee.  I am thankful for these medicines.""",9,14-Nov-17,1
55571,Immune globulin oral,Irritable Bowel Syndrome,"""I was diagnosed with collagenous colitis/microscopic colitis in October 2016. After going thru 2 different steroids and &quot;diets&quot; to try to improve my leaky gut this has proven the best yet. I&#039;ve been on it since November 2016, 1 packet a day. I was weary at first about taking it because it isn&#039;t well studied but after 3 days of being on it I wasn&#039;t having any more diarrhea. After about a week the cramping went away. I still need to watch what I eat, (not too much dairy, wheat, etc) but this makes it to where I can at least enjoy a meal without having to run to the bathroom 12 times a day. I&#039;ve had, I&#039;d say 3 &quot;flare ups&quot; in between starting this and now. Which are not even near as bad as they were without this medicine.""",10,9-Apr-17,15
20719,Nucynta,Pain,"""I&#039;ve been taking this medicine for over a year now. I have no side effects and it effectively gets rid of my pain. I&#039;m in no way addicted to or have anything bad to say about this medicine. It helps my back pain a great deal. I was taking oxycodone for 1 1/2 years before my spine specialist put me on this medication. I love that I&#039;m not tired and can do things again. Without it, I can&#039;t even get out of bed and that&#039;s no exaggeration I promise you. It&#039;s done wonders for my back and the Lyrica has done wonders for the nerve pain in my leg.""",9,25-Jul-11,29
82559,Hysingla ER,Pain,"""This medicine is a joke. They want to take you off Percocet and hydrocodone and put you on this medicine which is supposed to be longer acting. But I&rsquo;d rather take six Percocet 10 mg a day then one of these. They had me on 40 mg for four weeks it didn&rsquo;t help with my pain whatsoever.""",1,18-Nov-17,0
197982,Metoprolol,Premature Ventricular Depolarizations,"""I&#039;m a 72 year &#039;young&#039; female, and I have been taking Metoprolol Tartrate for 7 years, for PVC&#039;s Premature Ventricular Contractions of my heart, and also for Tachycardia. I take 25mg. in the morning, and 25mg. about 11 hours later. The medicine has stopped my PVC&#039;s, and also slows down my heart rate. When I first started taking Metoprorlol Tartrate, it made me very tired, but after about 2 weeks, my body got used to it, and I was fine.""",9,7-Nov-15,24
52424,Pantoprazole,Stomach Ulce,"""* hopefully it will cure the ulcers and torn up stomach caused by antibiotics due to  infection from kitten bite. The side effects are awful tired, burps, insomnia, fever, headaches, loss of appetite, belching, bloated, fatigue, drowsiness, tired feeling, and stomach upset...am on other meditations and it&#039;s my depression is worse but not sleeping or feeling well add to it. Not sure if it&#039;s connected but I have so many canker sores on my tongue my throat hurts.""",1,18-Oct-17,1
140378,Sprycel,Chronic Myelogenous Leukemia,"""I was diagnosed with CML in 2012 and started with tasigna and couldn&#039;t handle the horrible side effects the I went to sprycel with horrible side effects to Gleevec and then back to a lower dose of Sprycel! Sense then I&#039;ve had mild skin irritation and my breast hurt but nothing I have become accustomed to, the worst part is the joint pain. But over all my CML is asleep and undetected in my blood as of today! So I will take the joint pain as long as I have to!""",10,30-Oct-16,3
165993,Levonorgestrel,Emergency Contraception,"""I always read reviews as I am always paranoid every time I take plan b. I&#039;ve taken it probably too much but for good reason. I don&#039;t do well with birth control pills and am not always in a relationship. Since 2009, this pill has been effective for me. I weigh more than the recommended weight and have had sex during my fertile days. While I&#039;m not a medical professional, I do take a lot of vitamin c and parsley to get my period early to ease my stress. It works...relax.""",10,6-Feb-17,9
133210,Tri-Sprintec,Acne,"""I&#039;ve been on this pill for 9 days and gained 6 Lbs. Breast tenderness, low libido, apathy, irritability, aggression, exhaustion, and clumsiness. I&#039;ll try it for the month and hope the side effects go away.""",3,29-Jan-13,10
132651,Doxepin,,"""So far so good. Good for me and I can take it everyday. Can&#039;t remember the last time I slept 7 hours straight.""",10,20-Oct-10,25
70391,Zofran,Nausea/Vomiting,"""Zofran saved my life; literally. My morning sickness was horrendous, and this is the only thing that made me feel great!""",10,6-Jan-09,13
174197,Versed,Light Anesthesia,"""I would like to lodge a complaint. I came in for surgery on 12-17-16. I told the anesthesiologist that I did not want memory blocking drugs. He told me I would be given Propofol which was fine with me I had that before with good results. When I woke up in the recovery room and was having issues blurred vision, double vision, sensation of spinning, and loss of balance; my husband stated this had not happened before with Propofol.  I was told I was given Versed (a memory blocking drug). We were told the procedure went well, so I do not know why this side-effect inducing drug was administered. I was sent home while very unsteady on my feet with sensation of spinning, and loss of balance. I do not believe it was safe to discharge me in that condition. Indeed my husband called my son to help him get me into the house. Most of all I feel my trust was violated, and my wishes were not followed while I was in a vunerable position, and this greatly concerns me. Next time do I need to request that my husband stay with me through the complete procedure for my own protection from the staff?""",1,28-Dec-16,16
67850,Plan B,Emergency Contraception,"""I have used this pill twice. My boyfriend and i have been havjng unprotected sex for about 2 yrs. We usually use condoms and sometimes we do it without one. The first time i took the pill we weren&#039;t sure if he had came in me. I took it the next morning and had no symptoms at all. Got my period on time. This is the second time i take Plan B. I took it after 30 mins of having sex.  And a week later im getting the worst cramps ever. I hope it works because I&#039;m stressing out.""",9,13-Sep-16,2
111710,Cipro,Urinary Tract Infection,"""I am allergic to caffeine and spicy foods that give me all kind urinary infections. However, just one Cipro pill makes the pain just disappear! I have no known side effect from Cipro. Cipro is simple awesome!""",10,8-Aug-09,69
166084,Levonorgestrel,Emergency Contraception,"""So I took plan b and it definitely worked, BUT the pain afterwards was TERRIBLE. The pain didn&#039;t start until after a couple weeks I right before my period. The pain I had in my stomach was a pain I never felt before! I couldn&#039;t even eat. As soon as I swallowed food it was pain I couldn&#039;t eat for 3 days. I guess I can&#039;t complain because it worked I rather that than a baby """,10,2-Feb-17,3
201719,Zoloft,Depression,"""I have been taking Zoloft for 10  years. I take 100 mg daily. I have found that all of my symptoms have diminished. In times real stress, I take an extra pill. All I can say is that none of the previous drugs I took helped me at all. I have depression and Post Traumatic Stress Disorder. At age 59 I still react to anything that sounds like gunfire. I spent 33 years working for the government, 2 in the Army the rest in law enforcement. I have found that I have no issues to deal with. I did once while out of the country lose my prescription while backpacking. It was horrible for me and my two friends. I take my pill in the evening before bed. No side effects at all. I found Zoloft to be a God send for me.""",10,26-May-13,179
95661,MS Contin,Chronic Pain,"""I take 100mg 2 TIMES A DAY and IT HELPS MY PAIN BUT I TAKE SOMETHING FOR BREAK THROUGH pain. It works for me but I would start at a lower dose &amp; stay at a lower dose as long as I could. """,8,16-Jun-13,67
153406,Doxycycline,Rosacea,"""I developed Rosacea when I was pregnant with my first child (at age 39).  I never had skin issues before, even as a teenager.  I finally went to the doctor and was diagnosed with Papulopustular Rosacea (acne plus redness).  My doctor prescribed Monodox and it has worked WONDERS!  Within a week, almost all the pimples/bumps were gone. GONE!  I only hope that once I finish up the medication (60 days), it won&#039;t all come back.  The downside is the cost.  Thankfully, my doctor gave me a discount card from the manufacturer that allows me to buy it for $10 per month.  Otherwise, it was $225 for 60 day supply.""",10,16-Jan-14,28
228636,Avonex,Multiple Sclerosis,"""I have been an MS patient since I was 17, I am 29 now, I have been using Avonex for 10 years now and am so happy with the results.  I take it before I go to bed at night on a weekend, I also take a couple of Tylenol with codeine (#1) and usually only have a slight headache when I wake up in the morning.  I do get a lot of migraines, but who knows if that has anything to do with the medication or the fact that I have Multiple Sclerosis.  Avonex has worked wonders for me, I usually only have an MS attack on average every 3 to 4 years and they aren&#039;t usually that severe.  I have relapsing and remitting MS.  I would recommend Avonex to anyone who is newly diagnosed.  It has changed my life.""",8,28-Jun-11,30
124622,Skyla,Birth Control,"""I had the Skyla placed a month ago. My Doc said I would experience some slight cramping during insertion and light cramps throughout the evening. I haven&#039;t had children &amp; have a tilted uterus; 2 odds against my favor. The doctor clamped my uterus, pulled it straight to allow for placement, &amp; manually dilated my cervix with another tool. The pain was excruciating. I was so miserable that I was holding my breath (accidentally) &amp; nearly passed out. She told me to take Ibuprofen for pain. After bawling my eyes out 45 mins driving home, I took Ibuprofen, but no help. I called the MD back and she said this was &quot;okay&quot; since I had a tilted uterus and never had children (bad answer). Now it&#039;s been in for a month &amp; cramps are rare &amp; tolerable.""",4,21-May-15,6
189488,Oxycodone,Pain,"""Had disc replaced L5- S1 with laminectomy plus 2 rods and 4 screws inserted, pain was unbearable while taking Vicodin. Finally was prescribed 30mg oxycodone 3 times a day. I am doing things I haven&#039;t been able to do in years. Excellent when taken as prescribed.""",9,13-Dec-11,8
